regime,alpha,lambda,relative_bias,bias_squared,coefficient_variance,coefficient_mse,relative_bias_squared,normalized_coefficient_variance,normalized_coefficient_mse,decomposition_gap,monte_carlo_relative_mean_error,mean_test_rmse,std_test_rmse,effective_df
moderate,0.0,0.0,5.496915930575551e-16,2.0214560696288428e-30,0.004994331226730649,0.004994331226730645,3.021608474781529e-31,0.0007465368051914274,0.0007465368051914268,-4.336808689942018e-18,0.001157866408981336,0.30683082044206517,0.032838957618664524,4.0
moderate,1e-12,1.7634687072166717e-10,2.5826253821987356e-12,4.4621991355359237e-23,0.004994331226702894,0.004994331226722294,6.669953864777165e-24,0.0007465368051872786,0.0007465368051901785,1.9400279993586622e-14,0.0011578664102307019,0.3068308204419255,0.03283895761865798,3.999999999992955
moderate,5.455594781168514e-12,9.62077067584526e-10,1.4091093519551276e-11,1.3283591518983903e-21,0.0049943312265792695,0.0049943312266851145,1.9855891657673997e-22,0.0007465368051687997,0.000746536805184621,1.0584502024846287e-13,0.0011578664157975986,0.3068308204413028,0.032838957618629025,3.9999999999615645
moderate,2.976351441631313e-11,5.248702628996048e-09,7.68771823546194e-11,3.953857680579435e-20,0.004994331225904843,0.004994331226482304,5.910101166785404e-21,0.0007465368050679885,0.0007465368051543055,5.774608222153255e-13,0.0011578664461677343,0.30683082043790544,0.03283895761847086,3.9999999997903117
moderate,1.6237767391887175e-10,2.86347946706563e-08,4.1941229696035755e-10,1.1768156546900575e-18,0.004994331222225415,0.004994331225375826,1.7590667484156318e-19,0.0007465368045179992,0.0007465368049889128,3.1504104880397676e-12,0.0011578666118554919,0.30683082041937076,0.03283895761760805,3.9999999988560258
moderate,8.858667904100832e-10,1.5621983636506516e-07,2.288144720854859e-09,3.5026205903323185e-17,0.004994331202151923,0.004994331219339325,5.235606263575962e-18,0.0007465368015174774,0.0007465368040865957,1.7187366981030738e-11,0.0011578675157816957,0.30683082031825376,0.03283895761290093,3.9999999937589403
moderate,4.832930238571752e-09,8.522721239882489e-07,1.2483192022005797e-08,1.042503255659821e-15,0.0049943310926391276,0.004994331186407505,1.5583008305826924e-16,0.0007465367851478517,0.0007465367991640517,9.376733504234958e-11,0.0011578724472774216,0.3068308197666007,0.032838957587221114,3.999999965951308
moderate,2.6366508987303555e-08,4.649651351765695e-06,6.810323310328981e-08,3.1028556902519684e-14,0.004994330495181774,0.004994331006769278,4.6380503591210295e-15,0.0007465366958418198,0.0007465367723122988,5.115564759988755e-10,0.0011578993527234078,0.3068308167570328,0.032838957447131605,3.9999998142441466
moderate,1.438449888287663e-07,2.5366613648946108e-05,3.715434780818978e-07,9.235180803437457e-13,0.004994327235699204,0.004994330027464151,1.3804455610519368e-13,0.0007465362086246942,0.0007465366259288716,2.790841428616797e-09,0.0011580461737557932,0.3068308003388701,0.03283895668313633,3.9999989865917254
moderate,7.847599703514607e-07,0.0001383899650391084,2.0269857112281722e-06,2.7487009481870068e-11,0.004994309453363127,0.004994324706448611,4.108671073523179e-12,0.0007465335505774481,0.0007465358305603306,1.5225598474707946e-08,0.0011588482350870474,0.3068307107924389,0.03283895252331068,3.9999944712667266
moderate,4.281332398719387e-06,0.0007549995710334528,1.1058265336442982e-05,8.180882037603704e-10,0.004994212442523569,0.004994296322287142,1.2228523225117646e-10,0.0007465190497045693,0.0007465315877858209,8.306167536935305e-08,0.0011632555160632084,0.30683022298995205,0.0328389300737192,3.999969837817466
moderate,2.3357214690901213e-05,0.0041189717195145815,6.0325029952150856e-05,2.434564080708964e-08,0.00499368326153225,0.004994160668137535,3.6391092387278986e-09,0.0007464399494069134,0.0007465113106334134,4.5306096447747524e-07,0.0011882154606006055,0.30682758335903615,0.03283881488007296,3.999835457647444
moderate,0.0001274274985703132,0.02247144061676445,0.00032897848401871205,7.240375793171024e-07,0.004990798371372887,0.004993991453207399,1.0822684294724998e-07,0.0007460087251678456,0.0007464860169218834,2.4690442551955974e-06,0.001347989152761737,0.30681382564386134,0.032838402873482504,3.999102629809432
moderate,0.0006951927961775591,0.12259507415415831,0.0017909023986486783,2.1457047075938594e-05,0.004975122043498231,0.005009970018301027,3.2073314014855897e-06,0.0007436654773539958,0.0007488744421974631,1.3390927726857418e-05,0.002558296414123608,0.3067578269913313,0.032842546679219785,3.995113401698312
moderate,0.003792690190732238,0.6688290467523932,0.00965702883900832,0.0006238973981228626,0.004891418552022404,0.005586074223868813,9.325820599743835e-05,0.0007311537446969214,0.0008349886732240379,7.075827372354619e-05,0.010254277360039518,0.3070060948911187,0.03304587207510436,3.9736074029516235
moderate,0.0206913808111479,3.6488602569562834,0.04957745604957439,0.016443512552444646,0.004483261429966682,0.02125300444810378,0.002457924148347481,0.0006701437115047358,0.0031768317560693245,0.00032623046569245015,0.05007896695671943,0.32251933713701864,0.037492602848099195,3.8633766787158113
moderate,0.11288378916846883,19.906702975063904,0.2070100399774622,0.28668761799833764,0.0031325699525533352,0.29063596734112457,0.042853156651470506,0.00046824662967912337,0.043443343399271236,0.0008157793902335841,0.20730649890197267,0.5533947256612587,0.05053972497085123,3.410287739969379
moderate,0.6158482110660254,108.60290486103037,0.5323750628798567,1.8961012586856572,0.0014433170901977897,1.8979602075759012,0.28342320757633144,0.0002157424649025097,0.28370107736560557,0.0004156318000463344,0.5324338863326781,1.3362173740883942,0.05049351277422811,2.3858923417442397
moderate,3.359818286283774,592.493440979578,0.8062542037459729,4.348806676678374,0.0008658403983019757,4.350157814839267,0.6500458410580531,0.00012942307896890518,0.6502478049087096,0.0004852977625899868,0.8062994349188618,2.125158786460436,0.05079146368960436,1.4463717841571373
moderate,18.3298071083243,3232.404124484761,0.9029199460048091,5.4541190292963595,0.0008164489139894631,5.455742968311037,0.8152644288933273,0.00012204019641098104,0.8155071701511266,0.0008074901006880353,0.9029869960440925,2.423390591827253,0.051578035050545055,1.0961881338633137
moderate,100.0,17634.687072166715,0.9240210721772206,5.712021960826245,0.0008166979160650871,5.713738723149393,0.8538149418275405,0.00012207741645218044,0.8540715580193413,0.0009000644070829011,0.9240940777408948,2.489771653633626,0.051810725320807716,1.0182317044131055
strong,0.0,0.0,3.682693538277387e-15,9.073133005206044e-29,2976.86573869817,2976.86573869817,1.356223169687002e-29,444.97245720450974,444.97245720450974,0.0,0.6832751088507266,0.3068308204420649,0.03283895761866446,4.0
strong,1e-12,2.1643277075830085e-10,1.7692897838228352e-06,2.0942284608845625e-11,2976.8430725098806,2976.8430886850683,3.1303863391398547e-12,444.96906913451136,444.96907155232714,1.6175166820175946e-05,0.6832742768693393,0.30683079088209697,0.03283895085351877,3.999996192930837
strong,5.455594781168514e-12,1.1807694946228275e-09,9.652364363531316e-06,6.232948419246106e-10,2976.7420843059185,2976.7421725487025,9.316813780636931e-11,444.9539737378055,444.9539869280572,8.824216047287337e-05,0.6832705699744073,0.30683065917870384,0.03283892071256544,3.9999792305256507
strong,2.976351441631313e-11,6.441799892627282e-09,5.265451596712369e-05,1.8548011966087642e-08,2976.1912240719294,2976.1917054148557,2.7724980517320842e-09,444.87163289565467,444.87170484526996,0.00048132437814274454,0.6832503488720707,0.3068299407689573,0.03283875632737776,3.9998867006488794
strong,1.6237767391887175e-10,3.51438498755493e-08,0.0002871167614788905,5.514970722910237e-07,2973.1886447865813,2973.1912685996463,8.243603472212612e-08,444.4228168589808,444.4232090582431,0.002623261567805457,0.6831400965966966,0.3068260247056746,0.03283786104362038,3.999382196527898
strong,8.858667904100832e-10,1.9173060397121727e-07,0.0015620927643781807,1.6324495152256638e-05,2956.887524057737,2956.901773368809,2.4401338045226667e-06,441.98617698919844,441.98830693106265,0.01423298657664418,0.6825405586840194,0.3068047577336735,0.03283302215201732,3.9966387669924943
strong,4.832930238571752e-09,1.0460044824156602e-06,0.008396398317826006,0.0004716416865205464,2870.2718342640133,2870.3476807380966,7.049950471159139e-05,429.0391381560558,429.05047544665126,0.07537483239684661,0.6793268313177756,0.3066915692017636,0.03280793064314619,3.9819330502328705
strong,2.6366508987303555e-08,5.706576595345749e-06,0.04239462442110958,0.012023964962908432,2458.523690879737,2458.887939518529,0.0017973041798069406,367.492330475297,367.54677720755296,0.35222467382936884,0.6633396872251441,0.3061488929489741,0.03270376080964032,3.908777362566876
strong,1.438449888287663e-07,3.113276949190672e-05,0.16444791343108597,0.18091844759099585,1242.8701275114176,1244.0224789249585,0.027043116231837947,185.7802881182986,185.95253795589815,0.9714329659498162,0.6059460055349092,0.3044864031340504,0.03258248963612768,3.6461490602508153
strong,7.847599703514607e-07,0.00016984777476336866,0.34819379801765976,0.8110883813425716,187.2110933195019,188.82046335422763,0.12123892097796288,27.983720974514487,28.22428450735839,0.7982816533831283,0.5195423464898136,0.30285902753921157,0.03295502972409283,3.250772248071917
strong,4.281332398719387e-06,0.0009266206335921193,0.4378739297490983,1.2826976391877132,9.949528368012967,11.463629861695637,0.19173357835391827,1.4872239713023867,1.7135470645284958,0.23140385449495682,0.4773716582939914,0.3024601348736413,0.03329041935560002,3.0577926519263072
strong,2.3357214690901213e-05,0.005055266692748239,0.459570195528504,1.4129598752951382,0.37054148789896224,1.8302248065675137,0.21120476461810736,0.05538736739894802,0.2735762042701814,0.04672344337341339,0.4671693039260899,0.30240137663805977,0.03337792890114661,3.0110502993314605
strong,0.0001274274985703132,0.02757948658637231,0.4637824294824259,1.4389798092883967,0.01499265224439214,1.4626936711624934,0.21509414189662135,0.002241054147143818,0.21863881482249528,0.008721209629704463,0.4651884784939651,0.3023810937611181,0.03337590675201225,3.0016733379252054
strong,0.0006951927961775591,0.1504625030879198,0.46456411902243194,1.4438346003698608,0.0028174474810381137,1.4482502232445367,0.21581982068308833,0.00042114312123140715,0.2164798539976886,0.001598175393637824,0.4648218596223268,0.30233011584737135,0.033270792798276244,2.998286159560729
strong,0.003792690190732238,0.8208624466080068,0.4647427855819411,1.4449453816605913,0.0023902440854444377,1.4475962310744184,0.21598585675046209,0.0003572861114266723,0.21638209732054087,0.00026060532838267925,0.46478532115235466,0.3023878390472607,0.03271611620895539,2.988717523923129
strong,0.0206913808111479,4.478292879771879,0.465748699155063,1.4512071816153973,0.0022894601441138295,1.4533772230951396,0.21692185076463338,0.00034222124725169354,0.2172462216883617,-0.00011941866437159554,0.4657301467541734,0.3115474896732795,0.030868833394665594,2.9397722347333666
strong,0.11288378916846883,24.43175126342758,0.4861451248600988,1.5810950814248625,0.0019261597598186932,1.5823433326259193,0.23633708242524107,0.0002879162570730483,0.2365236670591808,-0.0006779085587620415,0.4860414277780215,0.48564770830983384,0.03621596667887701,2.7134782108374003
strong,0.6158482110660254,133.28973468756274,0.6332987885419763,2.683140608754836,0.001207158520506618,2.683198190408866,0.4010673555687349,0.00018044223027004753,0.40107596269190826,-0.0011495768664766537,0.6331634421340625,1.2075967523980253,0.041263474387099784,2.065472420711767
strong,3.359818286283774,727.1747809448033,0.8295936084517942,4.60422896418142,0.000856025130392062,4.604607194623895,0.6882255551840688,0.00012795592382542034,0.6882820918720323,-0.0004777946879164219,0.8295507945716721,1.9076467758272633,0.043324690454211265,1.358230220227866
strong,18.3298071083243,3967.1709399198267,0.9027533279654529,5.452106291011568,0.0008184598548569659,5.4529262819025,0.8149635711527009,0.00012234078547936712,0.815086140792601,1.531036074808867e-06,0.902753666872428,2.1501839345503657,0.04448769674743575,1.078132136670739
strong,100.0,21643.277075830083,0.9187070164401822,5.646511073957457,0.0008172450849912454,5.647450410042281,0.8440225820564212,0.00012215920552933413,0.8441629910377102,0.00012209099983273575,0.9187171574424848,2.202546985436874,0.04477710721155339,1.0148464178854757
very_strong,0.0,0.0,1.9956938300164966e-10,2.664489094457996e-19,2977737037.07913,2977737037.0791273,3.9827938631659134e-20,445102696.1254305,445102696.1254301,-2.86102294921875e-06,683.1553929884641,0.30683082044128784,0.03283895761910743,4.0
very_strong,1e-12,2.164328837585915e-10,0.3680968510227359,0.906463501692795,128792518.26559593,128793218.91715442,0.13549529173285427,19251497.49859431,19251602.229768973,699.7450949847698,142.44439970148684,0.30276290889543434,0.03297696289502548,3.2079706964250745
very_strong,5.455594781168514e-12,1.1807701111066234e-09,0.44341008446825786,1.3153376451245073,6279041.482983503,6279228.914739051,0.1966125030081476,938571.223166443,938599.2398713081,186.1164179034531,31.81402314092941,0.3024635533497594,0.03325691271045602,3.0459201718349553
very_strong,2.976351441631313e-11,6.441803255913062e-09,0.46068728243945656,1.419837246027711,227724.86901238342,227763.11394623428,0.2122327722014516,34039.59178062533,34045.30851214265,36.82509660482174,6.434912094751178,0.30242126444405487,0.03332742649815088,3.0087450450760214
very_strong,1.6237767391887175e-10,3.514386822427365e-08,0.4640012233767998,1.4403378351246665,7761.616566644084,7769.904334363456,0.21529713529516692,1160.181848526769,1161.4206777822806,6.847429884247504,1.5669425968756316,0.30241428331404224,0.033341182974811784,3.0016144801961517
very_strong,8.858667904100832e-10,1.9173070407442208e-07,0.46461383971839554,1.444143674187157,261.4675836718007,264.17016447131437,0.215866020057871,39.08334584032895,39.48731905400813,1.258437125326509,0.667048188961549,0.3024130325812679,0.03334373375673023,3.000296319242215
very_strong,4.832930238571752e-09,1.0460050285381821e-06,0.4647263065871019,1.4448429128280555,8.791405129395544,10.467028827597725,0.21597054003408903,1.3141113795807988,1.564578300089346,0.23078078537412416,0.5018416162367324,0.3024128038999618,0.03334420156726049,3.0000543138253093
very_strong,2.6366508987303555e-08,5.706579574768928e-06,0.46474692745231416,1.4449711369958922,0.29771740198023544,1.7849939659544822,0.21598970657636657,0.044501853808704854,0.2668152415477552,0.04230542697835471,0.4715509068216194,0.3024127597346843,0.03334428331580456,3.0000098793117327
very_strong,1.438449888287663e-07,3.1132785746432274e-05,0.4647507074156456,1.4449946420899646,0.012318883223610187,1.4650681536518524,0.215993220043343,0.0018413876268475618,0.21899374494048618,0.007754628338277669,0.4659983870510592,0.3024127391914515,0.033344276294759015,3.000001392159275
very_strong,7.847599703514607e-07,0.00016984786344147342,0.4647514002838415,1.4449989506001448,0.00272984772083322,1.4491502043796316,0.21599386406579146,0.0004080489866716323,0.21661438032580443,0.001421406058653485,0.46498061020676734,0.3024126675236991,0.03334415495068252,2.999997970847276
very_strong,4.281332398719387e-06,0.0009266211173839248,0.4647515273308791,1.444999740626215,0.002407653451171069,1.4476678978898034,0.2159939821563849,0.00035988840824679655,0.21639280984899903,0.00026050381241748966,0.4647940484478987,0.3024122843616529,0.033343477770009955,2.9999871657383386
very_strong,2.3357214690901213e-05,0.005055269332120288,0.46475155196746304,1.4449998938257473,0.0023967240021970943,1.4474441627641057,0.21599400505616553,0.0003582547088485941,0.21635936663140595,4.754493616121458e-05,0.4647598264082913,0.302410207969971,0.03333978189651753,2.9999296603616994
very_strong,0.0001274274985703132,0.027579500985716685,0.46475159660726606,1.4450001714128298,0.002395787958756605,1.4474035554696485,0.21599404654900298,0.00035811479204134606,0.2163532967817113,7.596098062112588e-06,0.46475344664937884,0.30239925594749145,0.03331965812562273,2.9996162630968746
very_strong,0.0006951927961775591,0.15046258164490783,0.4647527961688705,1.4450076307479827,0.0023926589920016837,1.4473955910268301,0.21599516154678366,0.0003576470840062308,0.2163521062820374,-4.698713154116518e-06,0.4647526685663193,0.30235065908809633,0.03321106688335795,2.9979084657745565
very_strong,0.003792690190732238,0.8208628751831007,0.46478802754232,1.4452267215572923,0.0023758263397543897,1.4475688663788306,0.21602791054668047,0.00035513099248944544,0.21637800693256065,-3.368151821603327e-05,0.4647832369067334,0.30241266428115005,0.03265537160994324,2.9886482644385595
very_strong,0.0206913808111479,4.478295217903924,0.4657671501184391,1.451322165086038,0.002288843634332038,1.453437332177973,0.21693903812945262,0.0003421290933231746,0.2172552066035834,-0.00017367654239697217,0.4657398916260439,0.3115917031044374,0.03081197539824359,2.939759500260461
very_strong,0.11288378916846883,24.43176401932857,0.4861560075507189,1.58116587000351,0.001926034034845936,1.5824036958308525,0.23634766367765472,0.00028789746410253154,0.2365326899597687,-0.0006882082075034823,0.48605072910593544,0.4857366125109111,0.036197979438706104,2.713475726467909
very_strong,0.6158482110660254,133.2898042785896,0.6333013405348016,2.683162233206053,0.0012071172121981483,2.683217364649086,0.40107058792317685,0.00018043605563499977,0.4010788287965749,-0.001151985769165087,0.6331657103536256,1.207713214803919,0.041256490390527034,2.065471736148196
very_strong,3.359818286283774,727.1751606052462,0.8295921328960298,4.604212585582363,0.0008560263494345125,4.604589728778047,0.6882231069629839,0.0001279561060440228,0.6882794811327424,-0.0004788831537503313,0.8295492208788324,1.9077969051638395,0.04331830424439873,1.3582300248403076
very_strong,18.3298071083243,3967.1730111933575,0.902751481552963,5.452083988514207,0.0008184617537246048,5.4529031465878335,0.8149602374460699,0.00012234106931608443,0.8150826825990783,6.963199012943733e-07,0.9027517513555159,2.1503523697080995,0.04448137592048649,1.0781320955053904
very_strong,100.0,21643.288375859152,0.9187051761388,5.646488452443656,0.0008172455209228346,5.647427005379673,0.8440192006642236,0.00012215927069100666,0.8441594925829109,0.0001213074150943072,0.9187152534161181,2.20271998051691,0.044770803316304106,1.0148464101207868
