mode,seed,conditioning_parameter,condition_number,gram_condition_number,numerical_rank,largest_singular_value,smallest_singular_value,solver,status,residual_norm,coefficient_relative_error,mae,rmse
exact,31415,1.0,3.496515409146787,12.225620006400902,4,16.58468483576792,4.743203702858808,normal_equations,success,2.9546797772060604e-14,2.3431781178521344e-15,2.6680047060523293e-15,3.3034324167883422e-15
exact,31415,1.0,3.496515409146787,12.225620006400902,4,16.58468483576792,4.743203702858808,qr,success,5.981890001892135e-15,2.84723628182415e-16,4.777428452840126e-16,6.687956339078579e-16
exact,31415,1.0,3.496515409146787,12.225620006400902,4,16.58468483576792,4.743203702858808,svd,success,1.1268934607366153e-14,4.313778661289144e-16,9.10035935497433e-16,1.2599051908035308e-15
exact,31415,1.0,3.496515409146787,12.225620006400902,4,16.58468483576792,4.743203702858808,lstsq,success,1.3926109405283592e-14,5.433706670021653e-16,1.3100631690576848e-15,1.5569863646156642e-15
exact,31415,0.1,24.328327465491714,591.8675172683237,4,13.849572917392164,0.5692776429878692,normal_equations,success,1.162145406945305e-13,7.876971811336234e-14,1.0746264988981125e-14,1.2993180648344292e-14
exact,31415,0.1,24.328327465491714,591.8675172683237,4,13.849572917392164,0.5692776429878692,qr,success,6.384747729932483e-15,3.3248556587677217e-16,5.363764987720287e-16,7.13836497165825e-16
exact,31415,0.1,24.328327465491714,591.8675172683237,4,13.849572917392164,0.5692776429878692,svd,success,9.035196607641177e-15,3.64219688951156e-16,8.146261443187087e-16,1.0101656902380585e-15
exact,31415,0.1,24.328327465491714,591.8675172683237,4,13.849572917392164,0.5692776429878692,lstsq,success,8.491981539408686e-15,5.024090507701608e-16,6.983996714282626e-16,9.494323992895565e-16
exact,31415,0.01,238.2548239638332,56765.36114188017,4,13.706671758887884,0.057529461653076715,normal_equations,success,1.2340224408506637e-12,8.293803208816683e-12,1.1340789418667895e-13,1.3796790317511487e-13
exact,31415,0.01,238.2548239638332,56765.36114188017,4,13.706671758887884,0.057529461653076715,qr,success,5.7011871119473445e-15,3.650281687227681e-15,4.760081218080358e-16,6.374120967379983e-16
exact,31415,0.01,238.2548239638332,56765.36114188017,4,13.706671758887884,0.057529461653076715,svd,success,1.480431512037475e-14,1.671821712735217e-15,1.2864709297844002e-15,1.655172748474296e-15
exact,31415,0.01,238.2548239638332,56765.36114188017,4,13.706671758887884,0.057529461653076715,lstsq,success,5.384295521873979e-15,2.1137471857945533e-16,4.440892098500626e-16,6.019825398928962e-16
exact,31415,0.001,2377.9541559636023,5654665.979268819,4,13.693538972222669,0.0057585378329859885,normal_equations,success,1.4894311967075683e-11,9.99990657325651e-10,1.3688598865524426e-12,1.6652347018234918e-12
exact,31415,0.001,2377.9541559636023,5654665.979268819,4,13.693538972222669,0.0057585378329859885,qr,success,8.961913909027148e-15,2.2857385175566814e-14,8.104628079763643e-16,1.0019724354542785e-15
exact,31415,0.001,2377.9541559636023,5654665.979268819,4,13.693538972222669,0.0057585378329859885,svd,success,1.852850470703937e-14,1.0828774658105067e-14,1.720151798778602e-15,2.071549802318243e-15
exact,31415,0.001,2377.9541559636023,5654665.979268819,4,13.693538972222669,0.0057585378329859885,lstsq,success,9.610325471547713e-15,3.493686120304133e-14,9.423017921506017e-16,1.0744670520139203e-15
exact,31415,0.0001,23774.99003586928,565250201.1159639,4,13.692237141336378,0.0005759092693910251,normal_equations,success,3.551484202789093e-11,2.38419784562257e-08,3.2640209979284407e-12,3.970680049226531e-12
exact,31415,0.0001,23774.99003586928,565250201.1159639,4,13.692237141336378,0.0005759092693910251,qr,success,4.334137781101951e-15,2.130382031514752e-13,3.552713678800501e-16,4.845713351197033e-16
exact,31415,0.0001,23774.99003586928,565250201.1159639,4,13.692237141336378,0.0005759092693910251,svd,success,4.570830125558456e-15,9.084254694996943e-14,3.5388358909926865e-16,5.110343437176303e-16
exact,31415,0.0001,23774.99003586928,565250201.1159639,4,13.692237141336378,0.0005759092693910251,lstsq,success,1.3863125117897082e-14,1.1825910660196062e-12,1.2073675392798577e-15,1.5499445072101331e-15
exact,31415,1e-05,237745.35308199786,56523422627.67797,4,13.692107072609447,5.759148136908934e-05,normal_equations,success,5.765430656557789e-10,3.870439324329039e-06,5.29876462151968e-11,6.445947433812231e-11
exact,31415,1e-05,237745.35308199786,56523422627.67797,4,13.692107072609447,5.759148136908934e-05,qr,success,4.7324680809584215e-15,1.017289872698066e-11,4.260480856999038e-16,5.291060165185505e-16
exact,31415,1e-05,237745.35308199786,56523422627.67797,4,13.692107072609447,5.759148136908934e-05,svd,success,1.8070393215282354e-14,6.886635567914308e-12,1.6014967130217884e-15,2.020331380476117e-15
exact,31415,1e-05,237745.35308199786,56523422627.67797,4,13.692107072609447,5.759148136908934e-05,lstsq,success,1.4599327238931324e-14,6.601755050658786e-12,1.3600232051658168e-15,1.6322544066007379e-15
exact,31415,1e-06,2377448.9839033303,5658566482086.156,4,13.692094066880257,5.75915368093425e-06,normal_equations,success,8.633809040900455e-09,0.0005796031150685838,7.934967946598981e-10,9.65289196010284e-10
exact,31415,1e-06,2377448.9839033303,5658566482086.156,4,13.692094066880257,5.75915368093425e-06,qr,success,7.516996995101567e-15,8.493603150679387e-12,6.682154829462661e-16,8.404258133854379e-16
exact,31415,1e-06,2377448.9839033303,5658566482086.156,4,13.692094066880257,5.75915368093425e-06,svd,success,1.1611786470417575e-14,5.039692680326886e-12,1.0172418463127996e-15,1.2982371944033023e-15
exact,31415,1e-06,2377448.9839033303,5658566482086.156,4,13.692094066880257,5.75915368093425e-06,lstsq,success,9.284146694610099e-15,8.396007449924995e-12,8.340550472496489e-16,1.037999156111408e-15
exact,31415,1e-07,23774485.285433557,553654168760948.4,4,13.69209276631877,5.759154236961677e-07,normal_equations,success,7.469880654352267e-08,0.05014664623278251,6.865250055249072e-09,8.35158046347114e-09
exact,31415,1e-07,23774485.285433557,553654168760948.4,4,13.69209276631877,5.759154236961677e-07,qr,success,5.294262369644526e-15,6.497927982584822e-10,4.274358644806853e-16,5.919165274622141e-16
exact,31415,1e-07,23774485.285433557,553654168760948.4,4,13.69209276631877,5.759154236961677e-07,svd,success,3.510833468576701e-15,9.156003424314314e-11,2.498001805406602e-16,3.925231146709438e-16
exact,31415,1e-07,23774485.285433557,553654168760948.4,4,13.69209276631877,5.759154236961677e-07,lstsq,success,8.599033894154959e-15,8.275441623043026e-11,7.03603841856193e-16,9.61401216407761e-16
exact,31415,1e-08,237744848.3846353,inf,4,13.692092636262736,5.75915429053209e-08,normal_equations,success,5.350371814290382e-08,0.35918003713772284,4.917299502305017e-09,5.981897540826088e-09
exact,31415,1e-08,237744848.3846353,inf,4,13.692092636262736,5.75915429053209e-08,qr,success,8.997602480567051e-15,3.0003480717130246e-09,7.854827899222983e-16,1.0059625390534328e-15
exact,31415,1e-08,237744848.3846353,inf,4,13.692092636262736,5.75915429053209e-08,svd,success,2.3495844786578312e-14,7.728435126565484e-09,2.1427304375265522e-15,2.6269153065786576e-15
exact,31415,1e-08,237744848.3846353,inf,4,13.692092636262736,5.75915429053209e-08,lstsq,success,7.515152056556595e-15,8.31173603911225e-09,6.467049118441537e-16,8.402195429853945e-16
modest_noise,31415,1.0,3.496515409146787,12.225620006400902,4,16.58468483576792,4.743203702858808,normal_equations,success,1.4103468191486785,0.01293323988760473,0.12665375118086555,0.15768156797335237
modest_noise,31415,1.0,3.496515409146787,12.225620006400902,4,16.58468483576792,4.743203702858808,qr,success,1.410346819148679,0.01293323988760669,0.12665375118086533,0.1576815679733524
modest_noise,31415,1.0,3.496515409146787,12.225620006400902,4,16.58468483576792,4.743203702858808,svd,success,1.4103468191486785,0.012933239887607051,0.1266537511808653,0.1576815679733524
modest_noise,31415,1.0,3.496515409146787,12.225620006400902,4,16.58468483576792,4.743203702858808,lstsq,success,1.4103468191486788,0.012933239887606744,0.12665375118086533,0.1576815679733524
modest_noise,31415,0.1,24.328327465491714,591.8675172683237,4,13.849572917392164,0.5692776429878692,normal_equations,success,1.4103468191486785,0.08810251645844276,0.1266537511808648,0.15768156797335237
modest_noise,31415,0.1,24.328327465491714,591.8675172683237,4,13.849572917392164,0.5692776429878692,qr,success,1.4103468191486785,0.08810251645833464,0.1266537511808653,0.15768156797335237
modest_noise,31415,0.1,24.328327465491714,591.8675172683237,4,13.849572917392164,0.5692776429878692,svd,success,1.4103468191486785,0.08810251645833435,0.1266537511808652,0.15768156797335237
modest_noise,31415,0.1,24.328327465491714,591.8675172683237,4,13.849572917392164,0.5692776429878692,lstsq,success,1.4103468191486785,0.08810251645833521,0.12665375118086536,0.15768156797335237
modest_noise,31415,0.01,238.2548239638332,56765.36114188017,4,13.706671758887884,0.057529461653076715,normal_equations,success,1.410346819148678,0.851801587083542,0.12665375118087654,0.1576815679733523
modest_noise,31415,0.01,238.2548239638332,56765.36114188017,4,13.706671758887884,0.057529461653076715,qr,success,1.4103468191486785,0.8518015870985278,0.12665375118086547,0.15768156797335237
modest_noise,31415,0.01,238.2548239638332,56765.36114188017,4,13.706671758887884,0.057529461653076715,svd,success,1.4103468191486785,0.8518015870985246,0.1266537511808655,0.15768156797335237
modest_noise,31415,0.01,238.2548239638332,56765.36114188017,4,13.706671758887884,0.057529461653076715,lstsq,success,1.4103468191486788,0.8518015870985274,0.12665375118086525,0.1576815679733524
modest_noise,31415,0.001,2377.9541559636023,5654665.979268819,4,13.693538972222669,0.0057585378329859885,normal_equations,success,1.4103468191486768,8.49053646697848,0.1266537511794396,0.15768156797335217
modest_noise,31415,0.001,2377.9541559636023,5654665.979268819,4,13.693538972222669,0.0057585378329859885,qr,success,1.4103468191486794,8.490536447891655,0.12665375118086544,0.15768156797335248
modest_noise,31415,0.001,2377.9541559636023,5654665.979268819,4,13.693538972222669,0.0057585378329859885,svd,success,1.4103468191486774,8.49053644789164,0.1266537511808659,0.15768156797335225
modest_noise,31415,0.001,2377.9541559636023,5654665.979268819,4,13.693538972222669,0.0057585378329859885,lstsq,success,1.4103468191486797,8.490536447891634,0.12665375118086541,0.15768156797335245
modest_noise,31415,0.0001,23774.99003586928,565250201.1159639,4,13.692237141336378,0.0005759092693910251,normal_equations,success,1.410346819148685,84.87807453944501,0.12665375111643987,0.15768156797335306
modest_noise,31415,0.0001,23774.99003586928,565250201.1159639,4,13.692237141336378,0.0005759092693910251,qr,success,1.4103468191486723,84.8780659182116,0.12665375118086547,0.15768156797335167
modest_noise,31415,0.0001,23774.99003586928,565250201.1159639,4,13.692237141336378,0.0005759092693910251,svd,success,1.410346819148675,84.87806591821243,0.12665375118086103,0.15768156797335198
modest_noise,31415,0.0001,23774.99003586928,565250201.1159639,4,13.692237141336378,0.0005759092693910251,lstsq,success,1.4103468191486859,84.87806591821233,0.12665375118085928,0.15768156797335317
modest_noise,31415,1e-05,237745.35308199786,56523422627.67797,4,13.692107072609447,5.759148136908934e-05,normal_equations,success,1.4103468191492927,848.7627826941333,0.12665374415284622,0.15768156797342103
modest_noise,31415,1e-05,237745.35308199786,56523422627.67797,4,13.692107072609447,5.759148136908934e-05,qr,success,1.410346819148709,848.7533787619162,0.12665375118087438,0.15768156797335575
modest_noise,31415,1e-05,237745.35308199786,56523422627.67797,4,13.692107072609447,5.759148136908934e-05,svd,success,1.4103468191487123,848.7533787619161,0.12665375118087066,0.15768156797335614
modest_noise,31415,1e-05,237745.35308199786,56523422627.67797,4,13.692107072609447,5.759148136908934e-05,lstsq,success,1.4103468191488455,848.7533787619117,0.12665375118091055,0.15768156797337102
modest_noise,31415,1e-06,2377448.9839033303,5658566482086.156,4,13.692094066880257,5.75915368093425e-06,normal_equations,success,1.4103468288219154,8498.59581423671,0.126652922414178,0.15768156905485314
modest_noise,31415,1e-06,2377448.9839033303,5658566482086.156,4,13.692094066880257,5.75915368093425e-06,qr,success,1.4103468191482844,8487.506509156841,0.12665375118054553,0.1576815679733083
modest_noise,31415,1e-06,2377448.9839033303,5658566482086.156,4,13.692094066880257,5.75915368093425e-06,svd,success,1.4103468191481507,8487.50650916411,0.12665375118036862,0.15768156797329336
modest_noise,31415,1e-06,2377448.9839033303,5658566482086.156,4,13.692094066880257,5.75915368093425e-06,lstsq,success,1.4103468191483608,8487.506509164192,0.1266537511808532,0.15768156797331684
modest_noise,31415,1e-07,23774485.285433557,553654168760948.4,4,13.69209276631877,5.759154236961677e-07,normal_equations,success,1.4103717922201302,79240.68456795088,0.12670214521808504,0.15768436004762101
modest_noise,31415,1e-07,23774485.285433557,553654168760948.4,4,13.69209276631877,5.759154236961677e-07,qr,success,1.4103468191463884,84875.03778909726,0.12665375118118244,0.15768156797309632
modest_noise,31415,1e-07,23774485.285433557,553654168760948.4,4,13.69209276631877,5.759154236961677e-07,svd,success,1.4103468191586257,84875.037788106,0.12665375119042518,0.15768156797446448
modest_noise,31415,1e-07,23774485.285433557,553654168760948.4,4,13.69209276631877,5.759154236961677e-07,lstsq,success,1.4103468191487074,84875.03778810664,0.12665375118503644,0.15768156797335559
modest_noise,31415,1e-08,237744848.3846353,inf,4,13.692092636262736,5.75915429053209e-08,normal_equations,success,1.4224867948534947,396187.49401407875,0.12882269169341132,0.1590388585194106
modest_noise,31415,1e-08,237744848.3846353,inf,4,13.692092636262736,5.75915429053209e-08,qr,success,1.4103468191440685,848750.3633148887,0.12665375114973434,0.15768156797283694
modest_noise,31415,1e-08,237744848.3846353,inf,4,13.692092636262736,5.75915429053209e-08,svd,success,1.410346819171145,848750.363439803,0.1266537511118084,0.1576815679758642
modest_noise,31415,1e-08,237744848.3846353,inf,4,13.692092636262736,5.75915429053209e-08,lstsq,success,1.4103468191522774,848750.3634398037,0.12665375117629157,0.15768156797375474
modest_noise,31416,1.0,3.496515409146787,12.225620006400902,4,16.58468483576792,4.743203702858808,normal_equations,success,1.1037630607175628,0.008779044495451152,0.10121533671693479,0.12340446174088492
modest_noise,31416,1.0,3.496515409146787,12.225620006400902,4,16.58468483576792,4.743203702858808,qr,success,1.103763060717563,0.008779044495450554,0.10121533671693508,0.12340446174088493
modest_noise,31416,1.0,3.496515409146787,12.225620006400902,4,16.58468483576792,4.743203702858808,svd,success,1.1037630607175635,0.008779044495450498,0.1012153367169351,0.12340446174088499
modest_noise,31416,1.0,3.496515409146787,12.225620006400902,4,16.58468483576792,4.743203702858808,lstsq,success,1.1037630607175632,0.008779044495450264,0.10121533671693514,0.12340446174088497
modest_noise,31416,0.1,24.328327465491714,591.8675172683237,4,13.849572917392164,0.5692776429878692,normal_equations,success,1.1037630607175628,0.08505756471614427,0.10121533671693639,0.12340446174088492
modest_noise,31416,0.1,24.328327465491714,591.8675172683237,4,13.849572917392164,0.5692776429878692,qr,success,1.1037630607175628,0.085057564716219,0.10121533671693501,0.1234044617408849
modest_noise,31416,0.1,24.328327465491714,591.8675172683237,4,13.849572917392164,0.5692776429878692,svd,success,1.103763060717563,0.08505756471621935,0.10121533671693506,0.12340446174088494
modest_noise,31416,0.1,24.328327465491714,591.8675172683237,4,13.849572917392164,0.5692776429878692,lstsq,success,1.1037630607175628,0.08505756471621895,0.10121533671693499,0.1234044617408849
modest_noise,31416,0.01,238.2548239638332,56765.36114188017,4,13.706671758887884,0.057529461653076715,normal_equations,success,1.1037630607175628,0.8924663361674888,0.10121533671694008,0.12340446174088492
modest_noise,31416,0.01,238.2548239638332,56765.36114188017,4,13.706671758887884,0.057529461653076715,qr,success,1.1037630607175632,0.8924663361702123,0.10121533671693506,0.12340446174088499
modest_noise,31416,0.01,238.2548239638332,56765.36114188017,4,13.706671758887884,0.057529461653076715,svd,success,1.1037630607175632,0.8924663361702145,0.1012153367169351,0.12340446174088496
modest_noise,31416,0.01,238.2548239638332,56765.36114188017,4,13.706671758887884,0.057529461653076715,lstsq,success,1.1037630607175632,0.8924663361702199,0.10121533671693501,0.12340446174088496
modest_noise,31416,0.001,2377.9541559636023,5654665.979268819,4,13.693538972222669,0.0057585378329859885,normal_equations,success,1.103763060717564,8.969812133101877,0.10121533671354829,0.12340446174088501
modest_noise,31416,0.001,2377.9541559636023,5654665.979268819,4,13.693538972222669,0.0057585378329859885,qr,success,1.1037630607175626,8.96981211480846,0.10121533671693513,0.12340446174088489
modest_noise,31416,0.001,2377.9541559636023,5654665.979268819,4,13.693538972222669,0.0057585378329859885,svd,success,1.1037630607175621,8.969812114808423,0.10121533671693501,0.12340446174088485
modest_noise,31416,0.001,2377.9541559636023,5654665.979268819,4,13.693538972222669,0.0057585378329859885,lstsq,success,1.1037630607175628,8.9698121148084,0.1012153367169351,0.12340446174088492
modest_noise,31416,0.0001,23774.99003586928,565250201.1159639,4,13.692237141336378,0.0005759092693910251,normal_equations,success,1.1037630607175457,89.74358717500871,0.10121533654897837,0.123404461740883
modest_noise,31416,0.0001,23774.99003586928,565250201.1159639,4,13.692237141336378,0.0005759092693910251,qr,success,1.1037630607175848,89.74357810450795,0.10121533671694001,0.12340446174088739
modest_noise,31416,0.0001,23774.99003586928,565250201.1159639,4,13.692237141336378,0.0005759092693910251,svd,success,1.1037630607175763,89.74357810450795,0.10121533671693768,0.12340446174088643
modest_noise,31416,0.0001,23774.99003586928,565250201.1159639,4,13.692237141336378,0.0005759092693910251,lstsq,success,1.10376306071759,89.74357810450752,0.10121533671693923,0.12340446174088796
modest_noise,31416,1e-05,237745.35308199786,56523422627.67797,4,13.692107072609447,5.759148136908934e-05,normal_equations,success,1.1037630607185425,897.4912006058499,0.10121531832582402,0.12340446174099444
modest_noise,31416,1e-05,237745.35308199786,56523422627.67797,4,13.692107072609447,5.759148136908934e-05,qr,success,1.1037630607177693,897.4812686467188,0.10121533671698671,0.12340446174090801
modest_noise,31416,1e-05,237745.35308199786,56523422627.67797,4,13.692107072609447,5.759148136908934e-05,svd,success,1.1037630607175322,897.481268646725,0.1012153367169697,0.12340446174088147
modest_noise,31416,1e-05,237745.35308199786,56523422627.67797,4,13.692107072609447,5.759148136908934e-05,lstsq,success,1.1037630607175999,897.4812686467259,0.10121533671696836,0.12340446174088904
modest_noise,31416,1e-06,2377448.9839033303,5658566482086.156,4,13.692094066880257,5.75915368093425e-06,normal_equations,success,1.1037630745368967,8986.583141773519,0.10121316559117226,0.12340446328593341
modest_noise,31416,1e-06,2377448.9839033303,5658566482086.156,4,13.692094066880257,5.75915368093425e-06,qr,success,1.1037630607182631,8974.858176654448,0.10121533671695168,0.1234044617409632
modest_noise,31416,1e-06,2377448.9839033303,5658566482086.156,4,13.692094066880257,5.75915368093425e-06,svd,success,1.1037630607199072,8974.858176662166,0.10121533671716484,0.12340446174114701
modest_noise,31416,1e-06,2377448.9839033303,5658566482086.156,4,13.692094066880257,5.75915368093425e-06,lstsq,success,1.1037630607180466,8974.858176662117,0.10121533671706466,0.12340446174093903
modest_noise,31416,1e-07,23774485.285433557,553654168760948.4,4,13.69209276631877,5.759154236961677e-07,normal_equations,success,1.1037987385184438,83790.857710178,0.1013256574575562,0.12340845064028778
modest_noise,31416,1e-07,23774485.285433557,553654168760948.4,4,13.69209276631877,5.759154236961677e-07,qr,success,1.103763060719836,89748.62716993206,0.10121533671965018,0.12340446174113909
modest_noise,31416,1e-07,23774485.285433557,553654168760948.4,4,13.69209276631877,5.759154236961677e-07,svd,success,1.1037630607304327,89748.6271688833,0.10121533672084956,0.12340446174232383
modest_noise,31416,1e-07,23774485.285433557,553654168760948.4,4,13.69209276631877,5.759154236961677e-07,lstsq,success,1.1037630607247289,89748.62716888278,0.1012153367203664,0.12340446174168611
modest_noise,31416,1e-08,237744848.3846353,inf,4,13.692092636262736,5.75915429053209e-08,normal_equations,success,1.1210469872719704,418938.02175918827,0.10442849065515689,0.12533686347557335
modest_noise,31416,1e-08,237744848.3846353,inf,4,13.692092636262736,5.75915429053209e-08,qr,success,1.1037630606203974,897486.3074849627,0.1012153367107865,0.12340446173002148
modest_noise,31416,1e-08,237744848.3846353,inf,4,13.692092636262736,5.75915429053209e-08,svd,success,1.1037630607676006,897486.3076170594,0.10121533672206424,0.1234044617464793
modest_noise,31416,1e-08,237744848.3846353,inf,4,13.692092636262736,5.75915429053209e-08,lstsq,success,1.1037630605547752,897486.3076170575,0.10121533668809461,0.12340446172268474
modest_noise,31417,1.0,3.496515409146787,12.225620006400902,4,16.58468483576792,4.743203702858808,normal_equations,success,1.2774932397786039,0.020749214062333363,0.11545853635924068,0.14282808624706983
modest_noise,31417,1.0,3.496515409146787,12.225620006400902,4,16.58468483576792,4.743203702858808,qr,success,1.277493239778604,0.02074921406233587,0.11545853635924042,0.14282808624706986
modest_noise,31417,1.0,3.496515409146787,12.225620006400902,4,16.58468483576792,4.743203702858808,svd,success,1.2774932397786039,0.020749214062335944,0.11545853635924046,0.1428280862470698
modest_noise,31417,1.0,3.496515409146787,12.225620006400902,4,16.58468483576792,4.743203702858808,lstsq,success,1.2774932397786039,0.020749214062335906,0.11545853635924035,0.14282808624706983
modest_noise,31417,0.1,24.328327465491714,591.8675172683237,4,13.849572917392164,0.5692776429878692,normal_equations,success,1.2774932397786039,0.17990448278591742,0.1154585363592395,0.14282808624706983
modest_noise,31417,0.1,24.328327465491714,591.8675172683237,4,13.849572917392164,0.5692776429878692,qr,success,1.2774932397786039,0.1799044827857961,0.11545853635924042,0.14282808624706983
modest_noise,31417,0.1,24.328327465491714,591.8675172683237,4,13.849572917392164,0.5692776429878692,svd,success,1.2774932397786043,0.17990448278579566,0.11545853635924039,0.14282808624706989
modest_noise,31417,0.1,24.328327465491714,591.8675172683237,4,13.849572917392164,0.5692776429878692,lstsq,success,1.2774932397786039,0.1799044827857956,0.11545853635924042,0.14282808624706983
modest_noise,31417,0.01,238.2548239638332,56765.36114188017,4,13.706671758887884,0.057529461653076715,normal_equations,success,1.277493239778605,1.773646011134454,0.11545853635925893,0.14282808624706994
modest_noise,31417,0.01,238.2548239638332,56765.36114188017,4,13.706671758887884,0.057529461653076715,qr,success,1.277493239778605,1.7736460111582515,0.11545853635924057,0.14282808624706994
modest_noise,31417,0.01,238.2548239638332,56765.36114188017,4,13.706671758887884,0.057529461653076715,svd,success,1.2774932397786032,1.7736460111582477,0.11545853635924055,0.14282808624706975
modest_noise,31417,0.01,238.2548239638332,56765.36114188017,4,13.706671758887884,0.057529461653076715,lstsq,success,1.2774932397786039,1.7736460111582482,0.1154585363592405,0.1428280862470698
modest_noise,31417,0.001,2377.9541559636023,5654665.979268819,4,13.693538972222669,0.0057585378329859885,normal_equations,success,1.2774932397785994,17.711316410829518,0.1154585363562286,0.14282808624706936
modest_noise,31417,0.001,2377.9541559636023,5654665.979268819,4,13.693538972222669,0.0057585378329859885,qr,success,1.2774932397786045,17.71131637195641,0.1154585363592403,0.1428280862470699
modest_noise,31417,0.001,2377.9541559636023,5654665.979268819,4,13.693538972222669,0.0057585378329859885,svd,success,1.277493239778604,17.71131637195643,0.11545853635924082,0.14282808624706983
modest_noise,31417,0.001,2377.9541559636023,5654665.979268819,4,13.693538972222669,0.0057585378329859885,lstsq,success,1.2774932397786027,17.7113163719564,0.11545853635924068,0.14282808624706972
modest_noise,31417,0.0001,23774.99003586928,565250201.1159639,4,13.692237141336378,0.0005759092693910251,normal_equations,success,1.277493239778667,177.08806385267258,0.11545853622011051,0.14282808624707688
modest_noise,31417,0.0001,23774.99003586928,565250201.1159639,4,13.692237141336378,0.0005759092693910251,qr,success,1.2774932397785803,177.088045891914,0.1154585363592346,0.1428280862470672
modest_noise,31417,0.0001,23774.99003586928,565250201.1159639,4,13.692237141336378,0.0005759092693910251,svd,success,1.2774932397785823,177.08804589191547,0.11545853635923371,0.14282808624706742
modest_noise,31417,0.0001,23774.99003586928,565250201.1159639,4,13.692237141336378,0.0005759092693910251,lstsq,success,1.2774932397786287,177.0880458919154,0.1154585363592382,0.14282808624707263
modest_noise,31417,1e-05,237745.35308199786,56523422627.67797,4,13.692107072609447,5.759148136908934e-05,normal_equations,success,1.2774932397821122,1770.874959209677,0.11545852116447253,0.14282808624746207
modest_noise,31417,1e-05,237745.35308199786,56523422627.67797,4,13.692107072609447,5.759148136908934e-05,qr,success,1.277493239778408,1770.8553436612706,0.11545853635928265,0.14282808624704793
modest_noise,31417,1e-05,237745.35308199786,56523422627.67797,4,13.692107072609447,5.759148136908934e-05,svd,success,1.277493239778576,1770.8553436612826,0.11545853635936373,0.14282808624706675
modest_noise,31417,1e-05,237745.35308199786,56523422627.67797,4,13.692107072609447,5.759148136908934e-05,lstsq,success,1.2774932397780139,1770.8553436612713,0.1154585363593211,0.14282808624700385
modest_noise,31417,1e-06,2377448.9839033303,5658566482086.156,4,13.692094066880257,5.75915368093425e-06,normal_equations,success,1.277493286265632,17731.664590391934,0.11545674415048932,0.14282809144447758
modest_noise,31417,1e-06,2377448.9839033303,5658566482086.156,4,13.692094066880257,5.75915368093425e-06,qr,success,1.2774932397788978,17708.52831617201,0.11545853635982847,0.1428280862471027
modest_noise,31417,1e-06,2377448.9839033303,5658566482086.156,4,13.692094066880257,5.75915368093425e-06,svd,success,1.2774932397713572,17708.528316187185,0.11545853635925578,0.14282808624625964
modest_noise,31417,1e-06,2377448.9839033303,5658566482086.156,4,13.692094066880257,5.75915368093425e-06,lstsq,success,1.2774932397787242,17708.52831618722,0.1154585363597688,0.14282808624708326
modest_noise,31417,1e-07,23774485.285433557,553654168760948.4,4,13.69209276631877,5.759154236961677e-07,normal_equations,success,1.2776132510043183,165329.6880595808,0.11554959874134416,0.14284150391000786
modest_noise,31417,1e-07,23774485.285433557,553654168760948.4,4,13.69209276631877,5.759154236961677e-07,qr,success,1.2774932397904253,177085.257858246,0.1154585363626065,0.14282808624839147
modest_noise,31417,1e-07,23774485.285433557,553654168760948.4,4,13.69209276631877,5.759154236961677e-07,svd,success,1.2774932397572774,177085.25785617722,0.11545853636156059,0.14282808624468546
modest_noise,31417,1e-07,23774485.285433557,553654168760948.4,4,13.69209276631877,5.759154236961677e-07,lstsq,success,1.2774932398268335,177085.25785617784,0.11545853636574425,0.14282808625246207
modest_noise,31417,1e-08,237744848.3846353,inf,4,13.692092636262736,5.75915429053209e-08,normal_equations,success,1.3348021152582046,826616.0659445266,0.12411886155492402,0.14923541331139273
modest_noise,31417,1e-08,237744848.3846353,inf,4,13.692092636262736,5.75915429053209e-08,qr,success,1.277493239826364,1770852.5345359254,0.11545853635466848,0.1428280862524096
modest_noise,31417,1e-08,237744848.3846353,inf,4,13.692092636262736,5.75915429053209e-08,svd,success,1.2774932402018957,1770852.5347965546,0.11545853633866136,0.1428280862943953
modest_noise,31417,1e-08,237744848.3846353,inf,4,13.692092636262736,5.75915429053209e-08,lstsq,success,1.2774932400441061,1770852.5347965658,0.11545853637140317,0.1428280862767539
modest_noise,31418,1.0,3.496515409146787,12.225620006400902,4,16.58468483576792,4.743203702858808,normal_equations,success,1.4457171971486302,0.0027286249536536016,0.1268556687590729,0.16163609645324012
modest_noise,31418,1.0,3.496515409146787,12.225620006400902,4,16.58468483576792,4.743203702858808,qr,success,1.4457171971486305,0.002728624953653686,0.12685566875907278,0.16163609645324015
modest_noise,31418,1.0,3.496515409146787,12.225620006400902,4,16.58468483576792,4.743203702858808,svd,success,1.4457171971486307,0.002728624953653659,0.12685566875907245,0.16163609645324015
modest_noise,31418,1.0,3.496515409146787,12.225620006400902,4,16.58468483576792,4.743203702858808,lstsq,success,1.4457171971486307,0.002728624953653311,0.1268556687590728,0.16163609645324015
modest_noise,31418,0.1,24.328327465491714,591.8675172683237,4,13.849572917392164,0.5692776429878692,normal_equations,success,1.4457171971486305,0.015762724231922487,0.12685566875907228,0.16163609645324015
modest_noise,31418,0.1,24.328327465491714,591.8675172683237,4,13.849572917392164,0.5692776429878692,qr,success,1.4457171971486302,0.015762724232009428,0.12685566875907275,0.16163609645324012
modest_noise,31418,0.1,24.328327465491714,591.8675172683237,4,13.849572917392164,0.5692776429878692,svd,success,1.4457171971486307,0.015762724232009702,0.12685566875907256,0.16163609645324017
modest_noise,31418,0.1,24.328327465491714,591.8675172683237,4,13.849572917392164,0.5692776429878692,lstsq,success,1.44571719714863,0.01576272423200849,0.12685566875907278,0.1616360964532401
modest_noise,31418,0.01,238.2548239638332,56765.36114188017,4,13.706671758887884,0.057529461653076715,normal_equations,success,1.44571719714863,0.17014570657092934,0.12685566875907522,0.1616360964532401
modest_noise,31418,0.01,238.2548239638332,56765.36114188017,4,13.706671758887884,0.057529461653076715,qr,success,1.44571719714863,0.1701457065655184,0.1268556687590727,0.1616360964532401
modest_noise,31418,0.01,238.2548239638332,56765.36114188017,4,13.706671758887884,0.057529461653076715,svd,success,1.4457171971486302,0.1701457065655184,0.12685566875907286,0.16163609645324012
modest_noise,31418,0.01,238.2548239638332,56765.36114188017,4,13.706671758887884,0.057529461653076715,lstsq,success,1.4457171971486302,0.17014570656552377,0.12685566875907278,0.16163609645324012
modest_noise,31418,0.001,2377.9541559636023,5654665.979268819,4,13.693538972222669,0.0057585378329859885,normal_equations,success,1.4457171971486307,1.7161154589781302,0.12685566875919574,0.16163609645324015
modest_noise,31418,0.001,2377.9541559636023,5654665.979268819,4,13.693538972222669,0.0057585378329859885,qr,success,1.4457171971486307,1.7161154562008085,0.12685566875907286,0.16163609645324015
modest_noise,31418,0.001,2377.9541559636023,5654665.979268819,4,13.693538972222669,0.0057585378329859885,svd,success,1.4457171971486305,1.7161154562007759,0.12685566875907267,0.16163609645324015
modest_noise,31418,0.001,2377.9541559636023,5654665.979268819,4,13.693538972222669,0.0057585378329859885,lstsq,success,1.4457171971486302,1.716115456200776,0.12685566875907262,0.16163609645324012
modest_noise,31418,0.0001,23774.99003586928,565250201.1159639,4,13.692237141336378,0.0005759092693910251,normal_equations,success,1.445717197148634,17.1760097267987,0.12685566876667886,0.16163609645324054
modest_noise,31418,0.0001,23774.99003586928,565250201.1159639,4,13.692237141336378,0.0005759092693910251,qr,success,1.4457171971486313,17.176008005598334,0.12685566875907534,0.1616360964532402
modest_noise,31418,0.0001,23774.99003586928,565250201.1159639,4,13.692237141336378,0.0005759092693910251,svd,success,1.4457171971486291,17.176008005597964,0.12685566875907597,0.16163609645323995
modest_noise,31418,0.0001,23774.99003586928,565250201.1159639,4,13.692237141336378,0.0005759092693910251,lstsq,success,1.4457171971486213,17.176008005598284,0.12685566875907478,0.16163609645323912
modest_noise,31418,1e-05,237745.35308199786,56523422627.67797,4,13.692107072609447,5.759148136908934e-05,normal_equations,success,1.4457171971486662,171.7768517388931,0.12685566959785666,0.16163609645324412
modest_noise,31418,1e-05,237745.35308199786,56523422627.67797,4,13.692107072609447,5.759148136908934e-05,qr,success,1.44571719714866,171.77495282903803,0.12685566875908402,0.16163609645324342
modest_noise,31418,1e-05,237745.35308199786,56523422627.67797,4,13.692107072609447,5.759148136908934e-05,svd,success,1.445717197148576,171.7749528290371,0.1268556687590236,0.16163609645323407
modest_noise,31418,1e-05,237745.35308199786,56523422627.67797,4,13.692107072609447,5.759148136908934e-05,lstsq,success,1.4457171971486202,171.77495282904283,0.12685566875902063,0.16163609645323904
modest_noise,31418,1e-06,2377448.9839033303,5658566482086.156,4,13.692094066880257,5.75915368093425e-06,normal_equations,success,1.4457171975348762,1720.0082561613801,0.12685576787028255,0.16163609649642371
modest_noise,31418,1e-06,2377448.9839033303,5658566482086.156,4,13.692094066880257,5.75915368093425e-06,qr,success,1.4457171971490737,1717.7644023699972,0.1268556687591032,0.1616360964532897
modest_noise,31418,1e-06,2377448.9839033303,5658566482086.156,4,13.692094066880257,5.75915368093425e-06,svd,success,1.4457171971488108,1717.7644023714806,0.12685566875891027,0.1616360964532603
modest_noise,31418,1e-06,2377448.9839033303,5658566482086.156,4,13.692094066880257,5.75915368093425e-06,lstsq,success,1.4457171971486245,1717.7644023714688,0.12685566875893728,0.16163609645323948
modest_noise,31418,1e-07,23774485.285433557,553654168760948.4,4,13.69209276631877,5.759154236961677e-07,normal_equations,success,1.4457181949440148,16037.395670436996,0.12685063222079299,0.1616362080101555
modest_noise,31418,1e-07,23774485.285433557,553654168760948.4,4,13.69209276631877,5.759154236961677e-07,qr,success,1.4457171971539313,17177.65888313218,0.12685566875926246,0.16163609645383278
modest_noise,31418,1e-07,23774485.285433557,553654168760948.4,4,13.69209276631877,5.759154236961677e-07,svd,success,1.4457171971545804,17177.658882930955,0.1268556687582464,0.16163609645390534
modest_noise,31418,1e-07,23774485.285433557,553654168760948.4,4,13.69209276631877,5.759154236961677e-07,lstsq,success,1.4457171971508422,17177.658882930686,0.126855668759622,0.16163609645348745
modest_noise,31418,1e-08,237744848.3846353,inf,4,13.692092636262736,5.75915429053209e-08,normal_equations,success,1.4462042995316646,80183.39635583812,0.1268422999288205,0.16169055615526348
modest_noise,31418,1e-08,237744848.3846353,inf,4,13.692092636262736,5.75915429053209e-08,qr,success,1.445717197110514,171776.6132326887,0.12685566876002577,0.1616360964489786
modest_noise,31418,1e-08,237744848.3846353,inf,4,13.692092636262736,5.75915429053209e-08,svd,success,1.4457171970929763,171776.61325797698,0.12685566876615348,0.16163609644701782
modest_noise,31418,1e-08,237744848.3846353,inf,4,13.692092636262736,5.75915429053209e-08,lstsq,success,1.4457171971363074,171776.61325797904,0.1268556687542391,0.1616360964518624
modest_noise,31419,1.0,3.496515409146787,12.225620006400902,4,16.58468483576792,4.743203702858808,normal_equations,success,1.2866821289187163,0.006762636102824243,0.11495251329185852,0.14385543528481987
modest_noise,31419,1.0,3.496515409146787,12.225620006400902,4,16.58468483576792,4.743203702858808,qr,success,1.286682128918717,0.006762636102825416,0.11495251329185852,0.14385543528481995
modest_noise,31419,1.0,3.496515409146787,12.225620006400902,4,16.58468483576792,4.743203702858808,svd,success,1.2866821289187174,0.00676263610282553,0.1149525132918586,0.14385543528482
modest_noise,31419,1.0,3.496515409146787,12.225620006400902,4,16.58468483576792,4.743203702858808,lstsq,success,1.2866821289187167,0.006762636102825081,0.1149525132918584,0.14385543528481992
modest_noise,31419,0.1,24.328327465491714,591.8675172683237,4,13.849572917392164,0.5692776429878692,normal_equations,success,1.2866821289187165,0.011518432910193218,0.11495251329185827,0.1438554352848199
modest_noise,31419,0.1,24.328327465491714,591.8675172683237,4,13.849572917392164,0.5692776429878692,qr,success,1.2866821289187176,0.011518432910268956,0.11495251329185859,0.14385543528482003
modest_noise,31419,0.1,24.328327465491714,591.8675172683237,4,13.849572917392164,0.5692776429878692,svd,success,1.286682128918717,0.011518432910269051,0.11495251329185852,0.14385543528481995
modest_noise,31419,0.1,24.328327465491714,591.8675172683237,4,13.849572917392164,0.5692776429878692,lstsq,success,1.286682128918717,0.011518432910269147,0.11495251329185859,0.14385543528481995
modest_noise,31419,0.01,238.2548239638332,56765.36114188017,4,13.706671758887884,0.057529461653076715,normal_equations,success,1.2866821289187174,0.13638756873974509,0.11495251329186033,0.14385543528482
modest_noise,31419,0.01,238.2548239638332,56765.36114188017,4,13.706671758887884,0.057529461653076715,qr,success,1.2866821289187171,0.13638756873475502,0.11495251329185856,0.14385543528481998
modest_noise,31419,0.01,238.2548239638332,56765.36114188017,4,13.706671758887884,0.057529461653076715,svd,success,1.2866821289187174,0.13638756873475502,0.11495251329185852,0.14385543528481998
modest_noise,31419,0.01,238.2548239638332,56765.36114188017,4,13.706671758887884,0.057529461653076715,lstsq,success,1.286682128918717,0.13638756873476232,0.11495251329185843,0.14385543528481992
modest_noise,31419,0.001,2377.9541559636023,5654665.979268819,4,13.693538972222669,0.0057585378329859885,normal_equations,success,1.286682128918716,1.4011562838872091,0.11495251329192761,0.14385543528481987
modest_noise,31419,0.001,2377.9541559636023,5654665.979268819,4,13.693538972222669,0.0057585378329859885,qr,success,1.2866821289187165,1.401156281865665,0.11495251329185852,0.1438554352848199
modest_noise,31419,0.001,2377.9541559636023,5654665.979268819,4,13.693538972222669,0.0057585378329859885,svd,success,1.2866821289187163,1.401156281865652,0.11495251329185852,0.14385543528481987
modest_noise,31419,0.001,2377.9541559636023,5654665.979268819,4,13.693538972222669,0.0057585378329859885,lstsq,success,1.2866821289187165,1.4011562818655934,0.11495251329185843,0.1438554352848199
modest_noise,31419,0.0001,23774.99003586928,565250201.1159639,4,13.692237141336378,0.0005759092693910251,normal_equations,success,1.2866821289187187,14.050070925568344,0.11495251329666101,0.14385543528482014
modest_noise,31419,0.0001,23774.99003586928,565250201.1159639,4,13.692237141336378,0.0005759092693910251,qr,success,1.286682128918718,14.050069523588391,0.11495251329185771,0.14385543528482006
modest_noise,31419,0.0001,23774.99003586928,565250201.1159639,4,13.692237141336378,0.0005759092693910251,svd,success,1.286682128918718,14.050069523588306,0.11495251329185763,0.1438554352848201
modest_noise,31419,0.0001,23774.99003586928,565250201.1159639,4,13.692237141336378,0.0005759092693910251,lstsq,success,1.286682128918723,14.050069523588473,0.114952513291858,0.14385543528482062
modest_noise,31419,1e-05,237745.35308199786,56523422627.67797,4,13.692107072609447,5.759148136908934e-05,normal_equations,success,1.2866821289187633,140.54087121949888,0.11495251382311097,0.14385543528482514
modest_noise,31419,1e-05,237745.35308199786,56523422627.67797,4,13.692107072609447,5.759148136908934e-05,qr,success,1.286682128918725,140.53932087406122,0.11495251329185593,0.14385543528482084
modest_noise,31419,1e-05,237745.35308199786,56523422627.67797,4,13.692107072609447,5.759148136908934e-05,svd,success,1.2866821289187667,140.53932087406383,0.11495251329188269,0.1438554352848255
modest_noise,31419,1e-05,237745.35308199786,56523422627.67797,4,13.692107072609447,5.759148136908934e-05,lstsq,success,1.286682128918761,140.53932087406386,0.11495251329188175,0.14385543528482486
modest_noise,31419,1e-06,2377448.9839033303,5658566482086.156,4,13.692094066880257,5.75915368093425e-06,normal_equations,success,1.2866821292090957,1407.2675673221593,0.11495257619761486,0.14385543531728529
modest_noise,31419,1e-06,2377448.9839033303,5658566482086.156,4,13.692094066880257,5.75915368093425e-06,qr,success,1.2866821289186057,1405.4318476214269,0.11495251329192406,0.14385543528480751
modest_noise,31419,1e-06,2377448.9839033303,5658566482086.156,4,13.692094066880257,5.75915368093425e-06,svd,success,1.2866821289188526,1405.4318476226176,0.1149525132920215,0.14385543528483513
modest_noise,31419,1e-06,2377448.9839033303,5658566482086.156,4,13.692094066880257,5.75915368093425e-06,lstsq,success,1.2866821289187467,1405.4318476225699,0.11495251329197753,0.14385543528482328
modest_noise,31419,1e-07,23774485.285433557,553654168760948.4,4,13.69209276631877,5.759154236961677e-07,normal_equations,success,1.2866828794157223,13121.421276794916,0.11494931633801726,0.143855519192936
modest_noise,31419,1e-07,23774485.285433557,553654168760948.4,4,13.69209276631877,5.759154236961677e-07,qr,success,1.28668212892208,14054.357071737833,0.11495251329216401,0.14385543528519593
modest_noise,31419,1e-07,23774485.285433557,553654168760948.4,4,13.69209276631877,5.759154236961677e-07,svd,success,1.2866821289238282,14054.357071573297,0.1149525132917462,0.1438554352853914
modest_noise,31419,1e-07,23774485.285433557,553654168760948.4,4,13.69209276631877,5.759154236961677e-07,lstsq,success,1.2866821289250219,14054.357071572424,0.11495251329181015,0.14385543528552486
modest_noise,31419,1e-08,237744848.3846353,inf,4,13.692092636262736,5.75915429053209e-08,normal_equations,success,1.2870485127751017,65603.82909605854,0.11493409425202579,0.14389639824525668
modest_noise,31419,1e-08,237744848.3846353,inf,4,13.692092636262736,5.75915429053209e-08,qr,success,1.2866821289044181,140543.60627096932,0.11495251328915816,0.1438554352832213
modest_noise,31419,1e-08,237744848.3846353,inf,4,13.692092636262736,5.75915429053209e-08,svd,success,1.2866821289633907,140543.6062916592,0.11495251330477874,0.14385543528981465
modest_noise,31419,1e-08,237744848.3846353,inf,4,13.692092636262736,5.75915429053209e-08,lstsq,success,1.2866821289144073,140543.60629166666,0.11495251329588843,0.14385543528433814
modest_noise,31420,1.0,3.496515409146787,12.225620006400902,4,16.58468483576792,4.743203702858808,normal_equations,success,1.1359597313215894,0.017041634574768764,0.09955920271516147,0.12700415894687353
modest_noise,31420,1.0,3.496515409146787,12.225620006400902,4,16.58468483576792,4.743203702858808,qr,success,1.1359597313215892,0.01704163457476717,0.09955920271516168,0.12700415894687353
modest_noise,31420,1.0,3.496515409146787,12.225620006400902,4,16.58468483576792,4.743203702858808,svd,success,1.1359597313215897,0.017041634574766762,0.09955920271516189,0.12700415894687359
modest_noise,31420,1.0,3.496515409146787,12.225620006400902,4,16.58468483576792,4.743203702858808,lstsq,success,1.1359597313215897,0.01704163457476661,0.0995592027151619,0.12700415894687359
modest_noise,31420,0.1,24.328327465491714,591.8675172683237,4,13.849572917392164,0.5692776429878692,normal_equations,success,1.1359597313215897,0.14428262329134525,0.09955920271516225,0.12700415894687359
modest_noise,31420,0.1,24.328327465491714,591.8675172683237,4,13.849572917392164,0.5692776429878692,qr,success,1.13595973132159,0.14428262329141436,0.09955920271516175,0.12700415894687359
modest_noise,31420,0.1,24.328327465491714,591.8675172683237,4,13.849572917392164,0.5692776429878692,svd,success,1.1359597313215894,0.1442826232914147,0.09955920271516175,0.12700415894687356
modest_noise,31420,0.1,24.328327465491714,591.8675172683237,4,13.849572917392164,0.5692776429878692,lstsq,success,1.1359597313215901,0.14428262329141434,0.09955920271516175,0.1270041589468736
modest_noise,31420,0.01,238.2548239638332,56765.36114188017,4,13.706671758887884,0.057529461653076715,normal_equations,success,1.1359597313215894,1.4210338915662246,0.09955920271516534,0.12700415894687356
modest_noise,31420,0.01,238.2548239638332,56765.36114188017,4,13.706671758887884,0.057529461653076715,qr,success,1.1359597313215894,1.4210338915716965,0.09955920271516171,0.12700415894687356
modest_noise,31420,0.01,238.2548239638332,56765.36114188017,4,13.706671758887884,0.057529461653076715,svd,success,1.1359597313215897,1.4210338915716956,0.09955920271516168,0.12700415894687359
modest_noise,31420,0.01,238.2548239638332,56765.36114188017,4,13.706671758887884,0.057529461653076715,lstsq,success,1.135959731321589,1.4210338915717007,0.09955920271516175,0.12700415894687353
modest_noise,31420,0.001,2377.9541559636023,5654665.979268819,4,13.693538972222669,0.0057585378329859885,normal_equations,success,1.1359597313215917,14.189061388998272,0.09955920271314021,0.1270041589468738
modest_noise,31420,0.001,2377.9541559636023,5654665.979268819,4,13.693538972222669,0.0057585378329859885,qr,success,1.135959731321591,14.189061359490967,0.09955920271516194,0.12700415894687372
modest_noise,31420,0.001,2377.9541559636023,5654665.979268819,4,13.693538972222669,0.0057585378329859885,svd,success,1.1359597313215952,14.18906135949093,0.09955920271516266,0.12700415894687417
modest_noise,31420,0.001,2377.9541559636023,5654665.979268819,4,13.693538972222669,0.0057585378329859885,lstsq,success,1.1359597313215868,14.189061359490942,0.09955920271516212,0.12700415894687325
modest_noise,31420,0.0001,23774.99003586928,565250201.1159639,4,13.692237141336378,0.0005759092693910251,normal_equations,success,1.135959731321576,141.86940273544738,0.09955920261688113,0.12700415894687206
modest_noise,31420,0.0001,23774.99003586928,565250201.1159639,4,13.692237141336378,0.0005759092693910251,qr,success,1.1359597313216196,141.8693883835003,0.09955920271515593,0.12700415894687692
modest_noise,31420,0.0001,23774.99003586928,565250201.1159639,4,13.692237141336378,0.0005759092693910251,svd,success,1.1359597313215697,141.86938838350102,0.09955920271514822,0.12700415894687136
modest_noise,31420,0.0001,23774.99003586928,565250201.1159639,4,13.692237141336378,0.0005759092693910251,lstsq,success,1.1359597313215561,141.86938838350073,0.09955920271515932,0.12700415894686984
modest_noise,31420,1e-05,237745.35308199786,56523422627.67797,4,13.692107072609447,5.759148136908934e-05,normal_equations,success,1.135959731323929,1418.6883700969483,0.09955919196094129,0.1270041589471351
modest_noise,31420,1e-05,237745.35308199786,56523422627.67797,4,13.692107072609447,5.759148136908934e-05,qr,success,1.13595973132149,1418.6726638679538,0.0995592027151389,0.12700415894686243
modest_noise,31420,1e-05,237745.35308199786,56523422627.67797,4,13.692107072609447,5.759148136908934e-05,svd,success,1.135959731322026,1418.6726638679634,0.09955920271547135,0.12700415894692235
modest_noise,31420,1e-05,237745.35308199786,56523422627.67797,4,13.692107072609447,5.759148136908934e-05,lstsq,success,1.1359597313218055,1418.6726638679638,0.09955920271549543,0.1270041589468977
modest_noise,31420,1e-06,2377448.9839033303,5658566482086.156,4,13.692094066880257,5.75915368093425e-06,normal_equations,success,1.1359597648788329,14205.239778220946,0.0995579336665636,0.12700416269868742
modest_noise,31420,1e-06,2377448.9839033303,5658566482086.156,4,13.692094066880257,5.75915368093425e-06,qr,success,1.1359597313240442,14186.705420269438,0.09955920271563282,0.12700415894714798
modest_noise,31420,1e-06,2377448.9839033303,5658566482086.156,4,13.692094066880257,5.75915368093425e-06,svd,success,1.1359597313212761,14186.70542028157,0.0995592027162517,0.12700415894683856
modest_noise,31420,1e-06,2377448.9839033303,5658566482086.156,4,13.692094066880257,5.75915368093425e-06,lstsq,success,1.135959731320682,14186.705420281563,0.09955920271550775,0.12700415894677208
modest_noise,31420,1e-07,23774485.285433557,553654168760948.4,4,13.69209276631877,5.759154236961677e-07,normal_equations,success,1.1360463501347235,132449.4590150811,0.09964642148864535,0.12701384322458847
modest_noise,31420,1e-07,23774485.285433557,553654168760948.4,4,13.69209276631877,5.759154236961677e-07,qr,success,1.1359597313406211,141867.03300856336,0.09955920271508188,0.12700415894900136
modest_noise,31420,1e-07,23774485.285433557,553654168760948.4,4,13.69209276631877,5.759154236961677e-07,svd,success,1.1359597313533931,141867.03300690517,0.09955920272242605,0.1270041589504293
modest_noise,31420,1e-07,23774485.285433557,553654168760948.4,4,13.69209276631877,5.759154236961677e-07,lstsq,success,1.135959731349461,141867.03300690494,0.0995592027210618,0.1270041589499897
modest_noise,31420,1e-08,237744848.3846353,inf,4,13.692092636262736,5.75915429053209e-08,normal_equations,success,1.1774916601152379,662221.3430442354,0.10498265666092717,0.13164756974783748
modest_noise,31420,1e-08,237744848.3846353,inf,4,13.692092636262736,5.75915429053209e-08,qr,success,1.1359597311433738,1418670.318143433,0.09955920267698556,0.12700415892694844
modest_noise,31420,1e-08,237744848.3846353,inf,4,13.692092636262736,5.75915429053209e-08,svd,success,1.1359597316101993,1418670.3183522387,0.09955920269772205,0.12700415897914108
modest_noise,31420,1e-08,237744848.3846353,inf,4,13.692092636262736,5.75915429053209e-08,lstsq,success,1.1359597307931104,1418670.3183522413,0.0995592026562491,0.1270041588877878
modest_noise,31421,1.0,3.496515409146787,12.225620006400902,4,16.58468483576792,4.743203702858808,normal_equations,success,1.123094236989262,0.010112245353741871,0.10128149274700289,0.12556575295231245
modest_noise,31421,1.0,3.496515409146787,12.225620006400902,4,16.58468483576792,4.743203702858808,qr,success,1.123094236989262,0.010112245353741618,0.10128149274700271,0.12556575295231245
modest_noise,31421,1.0,3.496515409146787,12.225620006400902,4,16.58468483576792,4.743203702858808,svd,success,1.1230942369892623,0.010112245353741797,0.10128149274700267,0.12556575295231245
modest_noise,31421,1.0,3.496515409146787,12.225620006400902,4,16.58468483576792,4.743203702858808,lstsq,success,1.1230942369892623,0.010112245353741741,0.10128149274700274,0.12556575295231245
modest_noise,31421,0.1,24.328327465491714,591.8675172683237,4,13.849572917392164,0.5692776429878692,normal_equations,success,1.1230942369892623,0.026843777308642118,0.10128149274700164,0.12556575295231245
modest_noise,31421,0.1,24.328327465491714,591.8675172683237,4,13.849572917392164,0.5692776429878692,qr,success,1.1230942369892627,0.02684377730855924,0.10128149274700275,0.1255657529523125
modest_noise,31421,0.1,24.328327465491714,591.8675172683237,4,13.849572917392164,0.5692776429878692,svd,success,1.123094236989262,0.026843777308558733,0.10128149274700271,0.12556575295231245
modest_noise,31421,0.1,24.328327465491714,591.8675172683237,4,13.849572917392164,0.5692776429878692,lstsq,success,1.1230942369892627,0.02684377730855953,0.1012814927470028,0.1255657529523125
modest_noise,31421,0.01,238.2548239638332,56765.36114188017,4,13.706671758887884,0.057529461653076715,normal_equations,success,1.1230942369892625,0.2876619280494666,0.10128149274701474,0.12556575295231248
modest_noise,31421,0.01,238.2548239638332,56765.36114188017,4,13.706671758887884,0.057529461653076715,qr,success,1.1230942369892627,0.2876619280594896,0.10128149274700278,0.1255657529523125
modest_noise,31421,0.01,238.2548239638332,56765.36114188017,4,13.706671758887884,0.057529461653076715,svd,success,1.1230942369892623,0.28766192805948604,0.10128149274700271,0.12556575295231245
modest_noise,31421,0.01,238.2548239638332,56765.36114188017,4,13.706671758887884,0.057529461653076715,lstsq,success,1.123094236989262,0.28766192805948915,0.10128149274700275,0.12556575295231245
modest_noise,31421,0.001,2377.9541559636023,5654665.979268819,4,13.693538972222669,0.0057585378329859885,normal_equations,success,1.1230942369892611,2.9133462143431053,0.10128149274614721,0.12556575295231234
modest_noise,31421,0.001,2377.9541559636023,5654665.979268819,4,13.693538972222669,0.0057585378329859885,qr,success,1.1230942369892623,2.91334620719569,0.1012814927470026,0.12556575295231245
modest_noise,31421,0.001,2377.9541559636023,5654665.979268819,4,13.693538972222669,0.0057585378329859885,svd,success,1.123094236989263,2.9133462071957266,0.10128149274700257,0.1255657529523125
modest_noise,31421,0.001,2377.9541559636023,5654665.979268819,4,13.693538972222669,0.0057585378329859885,lstsq,success,1.1230942369892638,2.913346207195747,0.10128149274700271,0.12556575295231262
modest_noise,31421,0.0001,23774.99003586928,565250201.1159639,4,13.692237141336378,0.0005759092693910251,normal_equations,success,1.1230942369892636,29.171750100861317,0.1012814927114976,0.12556575295231262
modest_noise,31421,0.0001,23774.99003586928,565250201.1159639,4,13.692237141336378,0.0005759092693910251,qr,success,1.1230942369892676,29.171747134005898,0.10128149274700134,0.12556575295231304
modest_noise,31421,0.0001,23774.99003586928,565250201.1159639,4,13.692237141336378,0.0005759092693910251,svd,success,1.1230942369892658,29.171747134006146,0.10128149274700131,0.12556575295231284
modest_noise,31421,0.0001,23774.99003586928,565250201.1159639,4,13.692237141336378,0.0005759092693910251,lstsq,success,1.1230942369892645,29.171747134006452,0.10128149274700138,0.1255657529523127
modest_noise,31421,1e-05,237745.35308199786,56523422627.67797,4,13.692107072609447,5.759148136908934e-05,normal_equations,success,1.123094236989425,291.75914464417866,0.1012814888761513,0.12556575295233066
modest_noise,31421,1e-05,237745.35308199786,56523422627.67797,4,13.692107072609447,5.759148136908934e-05,qr,success,1.1230942369893258,291.75590999354677,0.10128149274700149,0.12556575295231956
modest_noise,31421,1e-05,237745.35308199786,56523422627.67797,4,13.692107072609447,5.759148136908934e-05,svd,success,1.123094236989303,291.75590999354745,0.10128149274700518,0.12556575295231703
modest_noise,31421,1e-05,237745.35308199786,56523422627.67797,4,13.692107072609447,5.759148136908934e-05,lstsq,success,1.1230942369892831,291.7559099935405,0.10128149274700333,0.12556575295231479
modest_noise,31421,1e-06,2377448.9839033303,5658566482086.156,4,13.692094066880257,5.75915368093425e-06,normal_equations,success,1.1230942384251013,2921.409794934431,0.1012810365434997,0.12556575311284415
modest_noise,31421,1e-06,2377448.9839033303,5658566482086.156,4,13.692094066880257,5.75915368093425e-06,qr,success,1.1230942369892565,2917.597554458488,0.1012814927469555,0.1255657529523118
modest_noise,31421,1e-06,2377448.9839033303,5658566482086.156,4,13.692094066880257,5.75915368093425e-06,svd,success,1.1230942369889911,2917.597554460962,0.10128149274694857,0.12556575295228214
modest_noise,31421,1e-06,2377448.9839033303,5658566482086.156,4,13.692094066880257,5.75915368093425e-06,lstsq,success,1.1230942369890131,2917.5975544610023,0.10128149274695408,0.1255657529522846
modest_noise,31421,1e-07,23774485.285433557,553654168760948.4,4,13.69209276631877,5.759154236961677e-07,normal_equations,success,1.1230979428945618,27239.1508132196,0.10130467081309132,0.12556616728512085
modest_noise,31421,1e-07,23774485.285433557,553654168760948.4,4,13.69209276631877,5.759154236961677e-07,qr,success,1.1230942369797714,29176.013977338323,0.10128149274579794,0.12556575295125133
modest_noise,31421,1e-07,23774485.285433557,553654168760948.4,4,13.69209276631877,5.759154236961677e-07,svd,success,1.1230942369784862,29176.01397699767,0.10128149274580363,0.12556575295110767
modest_noise,31421,1e-07,23774485.285433557,553654168760948.4,4,13.69209276631877,5.759154236961677e-07,lstsq,success,1.1230942369865151,29176.013976998434,0.10128149274685949,0.1255657529520053
modest_noise,31421,1e-08,237744848.3846353,inf,4,13.692092636262736,5.75915429053209e-08,normal_equations,success,1.1249019752945872,136190.5757411847,0.10179361313500539,0.1257678642391243
modest_noise,31421,1e-08,237744848.3846353,inf,4,13.692092636262736,5.75915429053209e-08,qr,success,1.1230942369274122,291760.18936799874,0.10128149272970421,0.1255657529453974
modest_noise,31421,1e-08,237744848.3846353,inf,4,13.692092636262736,5.75915429053209e-08,svd,success,1.1230942369298356,291760.18941093446,0.10128149273122762,0.12556575294566835
modest_noise,31421,1e-08,237744848.3846353,inf,4,13.692092636262736,5.75915429053209e-08,lstsq,success,1.1230942369474088,291760.18941093585,0.10128149273493381,0.1255657529476331
modest_noise,31422,1.0,3.496515409146787,12.225620006400902,4,16.58468483576792,4.743203702858808,normal_equations,success,1.2822202343758933,0.009414482340508634,0.11281290494572808,0.1433565803095105
modest_noise,31422,1.0,3.496515409146787,12.225620006400902,4,16.58468483576792,4.743203702858808,qr,success,1.2822202343758933,0.009414482340510183,0.11281290494572804,0.1433565803095105
modest_noise,31422,1.0,3.496515409146787,12.225620006400902,4,16.58468483576792,4.743203702858808,svd,success,1.2822202343758933,0.009414482340510413,0.11281290494572808,0.1433565803095105
modest_noise,31422,1.0,3.496515409146787,12.225620006400902,4,16.58468483576792,4.743203702858808,lstsq,success,1.282220234375893,0.009414482340509869,0.11281290494572813,0.14335658030951048
modest_noise,31422,0.1,24.328327465491714,591.8675172683237,4,13.849572917392164,0.5692776429878692,normal_equations,success,1.2822202343758933,0.010240493772669695,0.11281290494572808,0.14335658030951048
modest_noise,31422,0.1,24.328327465491714,591.8675172683237,4,13.849572917392164,0.5692776429878692,qr,success,1.2822202343758937,0.010240493772614469,0.11281290494572807,0.1433565803095105
modest_noise,31422,0.1,24.328327465491714,591.8675172683237,4,13.849572917392164,0.5692776429878692,svd,success,1.2822202343758935,0.010240493772614405,0.11281290494572813,0.1433565803095105
modest_noise,31422,0.1,24.328327465491714,591.8675172683237,4,13.849572917392164,0.5692776429878692,lstsq,success,1.2822202343758933,0.010240493772614781,0.11281290494572818,0.1433565803095105
modest_noise,31422,0.01,238.2548239638332,56765.36114188017,4,13.706671758887884,0.057529461653076715,normal_equations,success,1.2822202343758933,0.02073118370274163,0.11281290494572807,0.1433565803095105
modest_noise,31422,0.01,238.2548239638332,56765.36114188017,4,13.706671758887884,0.057529461653076715,qr,success,1.2822202343758928,0.020731183708179488,0.11281290494572804,0.14335658030951048
modest_noise,31422,0.01,238.2548239638332,56765.36114188017,4,13.706671758887884,0.057529461653076715,svd,success,1.282220234375893,0.020731183708175456,0.11281290494572796,0.14335658030951048
modest_noise,31422,0.01,238.2548239638332,56765.36114188017,4,13.706671758887884,0.057529461653076715,lstsq,success,1.2822202343758935,0.020731183708173156,0.11281290494572815,0.1433565803095105
modest_noise,31422,0.001,2377.9541559636023,5654665.979268819,4,13.693538972222669,0.0057585378329859885,normal_equations,success,1.2822202343758928,0.14119177226317317,0.11281290494573007,0.14335658030951046
modest_noise,31422,0.001,2377.9541559636023,5654665.979268819,4,13.693538972222669,0.0057585378329859885,qr,success,1.2822202343758933,0.14119177096029514,0.11281290494572802,0.14335658030951048
modest_noise,31422,0.001,2377.9541559636023,5654665.979268819,4,13.693538972222669,0.0057585378329859885,svd,success,1.2822202343758933,0.14119177096032298,0.11281290494572796,0.14335658030951048
modest_noise,31422,0.001,2377.9541559636023,5654665.979268819,4,13.693538972222669,0.0057585378329859885,lstsq,success,1.282220234375893,0.14119177096032073,0.11281290494572818,0.14335658030951048
modest_noise,31422,0.0001,23774.99003586928,565250201.1159639,4,13.692237141336378,0.0005759092693910251,normal_equations,success,1.2822202343758933,1.3566900972199096,0.11281290494575069,0.14335658030951048
modest_noise,31422,0.0001,23774.99003586928,565250201.1159639,4,13.692237141336378,0.0005759092693910251,qr,success,1.2822202343758933,1.3566899477162089,0.11281290494572804,0.1433565803095105
modest_noise,31422,0.0001,23774.99003586928,565250201.1159639,4,13.692237141336378,0.0005759092693910251,svd,success,1.282220234375893,1.3566899477162286,0.11281290494572813,0.14335658030951048
modest_noise,31422,0.0001,23774.99003586928,565250201.1159639,4,13.692237141336378,0.0005759092693910251,lstsq,success,1.2822202343758928,1.3566899477161174,0.1128129049457279,0.14335658030951043
modest_noise,31422,1e-05,237745.35308199786,56523422627.67797,4,13.692107072609447,5.759148136908934e-05,normal_equations,success,1.2822202343758906,13.513452825612791,0.11281290494804488,0.14335658030951018
modest_noise,31422,1e-05,237745.35308199786,56523422627.67797,4,13.692107072609447,5.759148136908934e-05,qr,success,1.282220234375895,13.513298952730135,0.11281290494572842,0.1433565803095107
modest_noise,31422,1e-05,237745.35308199786,56523422627.67797,4,13.692107072609447,5.759148136908934e-05,svd,success,1.2822202343758995,13.513298952726103,0.11281290494572863,0.1433565803095112
modest_noise,31422,1e-05,237745.35308199786,56523422627.67797,4,13.692107072609447,5.759148136908934e-05,lstsq,success,1.2822202343758906,13.513298952722494,0.1128129049457273,0.1433565803095102
modest_noise,31422,1e-06,2377448.9839033303,5658566482086.156,4,13.692094066880257,5.75915368093425e-06,normal_equations,success,1.2822202343785656,135.25638833871957,0.11281290521192791,0.14335658030980927
modest_noise,31422,1e-06,2377448.9839033303,5658566482086.156,4,13.692094066880257,5.75915368093425e-06,qr,success,1.2822202343758713,135.07956090412074,0.1128129049457296,0.14335658030950804
modest_noise,31422,1e-06,2377448.9839033303,5658566482086.156,4,13.692094066880257,5.75915368093425e-06,svd,success,1.2822202343758315,135.07956090420726,0.11281290494571546,0.1433565803095036
modest_noise,31422,1e-06,2377448.9839033303,5658566482086.156,4,13.692094066880257,5.75915368093425e-06,lstsq,success,1.2822202343758378,135.07956090425614,0.11281290494572035,0.1433565803095043
modest_noise,31422,1e-07,23774485.285433557,553654168760948.4,4,13.69209276631877,5.759154236961677e-07,normal_equations,success,1.2822202413398383,1261.0279417884021,0.11281289144010245,0.1433565810881032
modest_noise,31422,1e-07,23774485.285433557,553654168760948.4,4,13.69209276631877,5.759154236961677e-07,qr,success,1.2822202343759483,1350.7422613980377,0.11281290494570176,0.14335658030951667
modest_noise,31422,1e-07,23774485.285433557,553654168760948.4,4,13.69209276631877,5.759154236961677e-07,svd,success,1.282220234375883,1350.7422613826527,0.11281290494575451,0.14335658030950937
modest_noise,31422,1e-07,23774485.285433557,553654168760948.4,4,13.69209276631877,5.759154236961677e-07,lstsq,success,1.28222023437591,1350.742261382241,0.11281290494573729,0.14335658030951237
modest_noise,31422,1e-08,237744848.3846353,inf,4,13.692092636262736,5.75915429053209e-08,normal_equations,success,1.2822236306771368,6304.61184731409,0.11281260669429587,0.14335696002753315
modest_noise,31422,1e-08,237744848.3846353,inf,4,13.692092636262736,5.75915429053209e-08,qr,success,1.2822202343749098,13507.368340598132,0.11281290494547251,0.14335658030940054
modest_noise,31422,1e-08,237744848.3846353,inf,4,13.692092636262736,5.75915429053209e-08,svd,success,1.282220234371588,13507.368342581778,0.11281290494547962,0.14335658030902915
modest_noise,31422,1e-08,237744848.3846353,inf,4,13.692092636262736,5.75915429053209e-08,lstsq,success,1.2822202343729017,13507.368342583293,0.11281290494553149,0.14335658030917603
modest_noise,31423,1.0,3.496515409146787,12.225620006400902,4,16.58468483576792,4.743203702858808,normal_equations,success,1.1753485318561048,0.011920948054245996,0.10138514792339084,0.13140796072424135
modest_noise,31423,1.0,3.496515409146787,12.225620006400902,4,16.58468483576792,4.743203702858808,qr,success,1.175348531856105,0.011920948054244778,0.10138514792339118,0.1314079607242414
modest_noise,31423,1.0,3.496515409146787,12.225620006400902,4,16.58468483576792,4.743203702858808,svd,success,1.175348531856105,0.011920948054244556,0.10138514792339096,0.1314079607242414
modest_noise,31423,1.0,3.496515409146787,12.225620006400902,4,16.58468483576792,4.743203702858808,lstsq,success,1.1753485318561054,0.011920948054244913,0.10138514792339141,0.13140796072424143
modest_noise,31423,0.1,24.328327465491714,591.8675172683237,4,13.849572917392164,0.5692776429878692,normal_equations,success,1.175348531856105,0.06481876711011836,0.10138514792339186,0.1314079607242414
modest_noise,31423,0.1,24.328327465491714,591.8675172683237,4,13.849572917392164,0.5692776429878692,qr,success,1.1753485318561048,0.06481876711019673,0.10138514792339101,0.13140796072424135
modest_noise,31423,0.1,24.328327465491714,591.8675172683237,4,13.849572917392164,0.5692776429878692,svd,success,1.175348531856105,0.06481876711019692,0.10138514792339096,0.13140796072424138
modest_noise,31423,0.1,24.328327465491714,591.8675172683237,4,13.849572917392164,0.5692776429878692,lstsq,success,1.1753485318561046,0.06481876711019635,0.10138514792339101,0.13140796072424135
modest_noise,31423,0.01,238.2548239638332,56765.36114188017,4,13.706671758887884,0.057529461653076715,normal_equations,success,1.175348531856105,0.6209133013937053,0.10138514792338812,0.1314079607242414
modest_noise,31423,0.01,238.2548239638332,56765.36114188017,4,13.706671758887884,0.057529461653076715,qr,success,1.1753485318561052,0.6209133013913836,0.10138514792339101,0.1314079607242414
modest_noise,31423,0.01,238.2548239638332,56765.36114188017,4,13.706671758887884,0.057529461653076715,svd,success,1.175348531856105,0.6209133013913859,0.10138514792339097,0.13140796072424138
modest_noise,31423,0.01,238.2548239638332,56765.36114188017,4,13.706671758887884,0.057529461653076715,lstsq,success,1.175348531856105,0.6209133013913918,0.10138514792339122,0.1314079607242414
modest_noise,31423,0.001,2377.9541559636023,5654665.979268819,4,13.693538972222669,0.0057585378329859885,normal_equations,success,1.175348531856107,6.1864912506784195,0.10138514792183133,0.13140796072424163
modest_noise,31423,0.001,2377.9541559636023,5654665.979268819,4,13.693538972222669,0.0057585378329859885,qr,success,1.1753485318561032,6.186491238249733,0.10138514792339062,0.13140796072424119
modest_noise,31423,0.001,2377.9541559636023,5654665.979268819,4,13.693538972222669,0.0057585378329859885,svd,success,1.1753485318561057,6.186491238249686,0.10138514792339062,0.13140796072424146
modest_noise,31423,0.001,2377.9541559636023,5654665.979268819,4,13.693538972222669,0.0057585378329859885,lstsq,success,1.1753485318561046,6.186491238249638,0.10138514792339064,0.13140796072424135
modest_noise,31423,0.0001,23774.99003586928,565250201.1159639,4,13.692237141336378,0.0005759092693910251,normal_equations,success,1.1753485318560921,61.84276065791722,0.10138514784511621,0.13140796072423994
modest_noise,31423,0.0001,23774.99003586928,565250201.1159639,4,13.692237141336378,0.0005759092693910251,qr,success,1.1753485318560988,61.84275442627754,0.10138514792339252,0.13140796072424069
modest_noise,31423,0.0001,23774.99003586928,565250201.1159639,4,13.692237141336378,0.0005759092693910251,svd,success,1.175348531856096,61.84275442627755,0.10138514792339351,0.13140796072424035
modest_noise,31423,0.0001,23774.99003586928,565250201.1159639,4,13.692237141336378,0.0005759092693910251,lstsq,success,1.17534853185609,61.842754426277295,0.10138514792338923,0.1314079607242397
modest_noise,31423,1e-05,237745.35308199786,56523422627.67797,4,13.692107072609447,5.759148136908934e-05,normal_equations,success,1.1753485318566683,618.4122772903836,0.10138513932770007,0.13140796072430436
modest_noise,31423,1e-05,237745.35308199786,56523422627.67797,4,13.692107072609447,5.759148136908934e-05,qr,success,1.1753485318561465,618.4054348689684,0.10138514792340694,0.13140796072424604
modest_noise,31423,1e-05,237745.35308199786,56523422627.67797,4,13.692107072609447,5.759148136908934e-05,svd,success,1.1753485318563754,618.4054348689758,0.10138514792326056,0.13140796072427163
modest_noise,31423,1e-05,237745.35308199786,56523422627.67797,4,13.692107072609447,5.759148136908934e-05,lstsq,success,1.1753485318564172,618.4054348689742,0.10138514792323002,0.1314079607242763
modest_noise,31423,1e-06,2377448.9839033303,5658566482086.156,4,13.692094066880257,5.75915368093425e-06,normal_equations,success,1.1753485380180861,6192.111029321377,0.10138413302054157,0.13140796141317185
modest_noise,31423,1e-06,2377448.9839033303,5658566482086.156,4,13.692094066880257,5.75915368093425e-06,qr,success,1.1753485318567516,6184.032243397293,0.1013851479234226,0.13140796072431368
modest_noise,31423,1e-06,2377448.9839033303,5658566482086.156,4,13.692094066880257,5.75915368093425e-06,svd,success,1.1753485318554462,6184.03224340259,0.10138514792218198,0.13140796072416774
modest_noise,31423,1e-06,2377448.9839033303,5658566482086.156,4,13.692094066880257,5.75915368093425e-06,lstsq,success,1.1753485318557395,6184.032243402497,0.10138514792292556,0.13140796072420055
modest_noise,31423,1e-07,23774485.285433557,553654168760948.4,4,13.69209276631877,5.759154236961677e-07,normal_equations,success,1.1753644390529192,57735.18832294096,0.10143671874632813,0.1314097392029118
modest_noise,31423,1e-07,23774485.285433557,553654168760948.4,4,13.69209276631877,5.759154236961677e-07,qr,success,1.1753485318325445,61840.300377249594,0.10138514792291771,0.13140796072160726
modest_noise,31423,1e-07,23774485.285433557,553654168760948.4,4,13.69209276631877,5.759154236961677e-07,svd,success,1.1753485318659476,61840.30037652684,0.10138514792825246,0.1314079607253418
modest_noise,31423,1e-07,23774485.285433557,553654168760948.4,4,13.69209276631877,5.759154236961677e-07,lstsq,success,1.1753485318456873,61840.300376526415,0.10138514792624305,0.13140796072307667
modest_noise,31423,1e-08,237744848.3846353,inf,4,13.692092636262736,5.75915429053209e-08,normal_equations,success,1.1830895505289771,288664.34896769514,0.10280213145270065,0.13227343292262325
modest_noise,31423,1e-08,237744848.3846353,inf,4,13.692092636262736,5.75915429053209e-08,qr,success,1.1753485317049481,618402.9691117182,0.1013851479397074,0.13140796070734154
modest_noise,31423,1e-08,237744848.3846353,inf,4,13.692092636262736,5.75915429053209e-08,svd,success,1.175348532065657,618402.9692027431,0.1013851478772706,0.13140796074767
modest_noise,31423,1e-08,237744848.3846353,inf,4,13.692092636262736,5.75915429053209e-08,lstsq,success,1.1753485320457546,618402.9692027478,0.10138514787854389,0.13140796074544486
modest_noise,31424,1.0,3.496515409146787,12.225620006400902,4,16.58468483576792,4.743203702858808,normal_equations,success,1.389400496959057,0.025704380091835663,0.12388732370843596,0.15533969795862207
modest_noise,31424,1.0,3.496515409146787,12.225620006400902,4,16.58468483576792,4.743203702858808,qr,success,1.3894004969590565,0.025704380091837484,0.12388732370843591,0.15533969795862201
modest_noise,31424,1.0,3.496515409146787,12.225620006400902,4,16.58468483576792,4.743203702858808,svd,success,1.389400496959056,0.02570438009183772,0.12388732370843603,0.15533969795862196
modest_noise,31424,1.0,3.496515409146787,12.225620006400902,4,16.58468483576792,4.743203702858808,lstsq,success,1.3894004969590565,0.025704380091837207,0.12388732370843573,0.15533969795862201
modest_noise,31424,0.1,24.328327465491714,591.8675172683237,4,13.849572917392164,0.5692776429878692,normal_equations,success,1.3894004969590559,0.2220814859199327,0.12388732370843605,0.15533969795862193
modest_noise,31424,0.1,24.328327465491714,591.8675172683237,4,13.849572917392164,0.5692776429878692,qr,success,1.389400496959056,0.2220814859198064,0.12388732370843591,0.15533969795862196
modest_noise,31424,0.1,24.328327465491714,591.8675172683237,4,13.849572917392164,0.5692776429878692,svd,success,1.389400496959056,0.2220814859198057,0.12388732370843591,0.15533969795862196
modest_noise,31424,0.1,24.328327465491714,591.8675172683237,4,13.849572917392164,0.5692776429878692,lstsq,success,1.3894004969590563,0.22208148591980523,0.12388732370843587,0.155339697958622
modest_noise,31424,0.01,238.2548239638332,56765.36114188017,4,13.706671758887884,0.057529461653076715,normal_equations,success,1.3894004969590563,2.1890620939925802,0.12388732370843347,0.155339697958622
modest_noise,31424,0.01,238.2548239638332,56765.36114188017,4,13.706671758887884,0.057529461653076715,qr,success,1.389400496959054,2.1890620940204575,0.12388732370843573,0.15533969795862174
modest_noise,31424,0.01,238.2548239638332,56765.36114188017,4,13.706671758887884,0.057529461653076715,svd,success,1.3894004969590563,2.189062094020453,0.12388732370843561,0.155339697958622
modest_noise,31424,0.01,238.2548239638332,56765.36114188017,4,13.706671758887884,0.057529461653076715,lstsq,success,1.3894004969590552,2.189062094020457,0.12388732370843558,0.15533969795862185
modest_noise,31424,0.001,2377.9541559636023,5654665.979268819,4,13.693538972222669,0.0057585378329859885,normal_equations,success,1.3894004969590543,21.859243282020316,0.12388732370886273,0.15533969795862176
modest_noise,31424,0.001,2377.9541559636023,5654665.979268819,4,13.693538972222669,0.0057585378329859885,qr,success,1.3894004969590572,21.859243234358843,0.12388732370843529,0.1553396979586221
modest_noise,31424,0.001,2377.9541559636023,5654665.979268819,4,13.693538972222669,0.0057585378329859885,svd,success,1.389400496959053,21.859243234358853,0.1238873237084352,0.15533969795862163
modest_noise,31424,0.001,2377.9541559636023,5654665.979268819,4,13.693538972222669,0.0057585378329859885,lstsq,success,1.3894004969590474,21.859243234358903,0.12388732370843374,0.15533969795862101
modest_noise,31424,0.0001,23774.99003586928,565250201.1159639,4,13.692237141336378,0.0005759092693910251,normal_equations,success,1.3894004969590337,218.56111489746516,0.12388732372818168,0.15533969795861946
modest_noise,31424,0.0001,23774.99003586928,565250201.1159639,4,13.692237141336378,0.0005759092693910251,qr,success,1.389400496959083,218.5610927447983,0.12388732370845079,0.15533969795862498
modest_noise,31424,0.0001,23774.99003586928,565250201.1159639,4,13.692237141336378,0.0005759092693910251,svd,success,1.389400496959052,218.56109274479957,0.12388732370844605,0.15533969795862151
modest_noise,31424,0.0001,23774.99003586928,565250201.1159639,4,13.692237141336378,0.0005759092693910251,lstsq,success,1.389400496959013,218.5610927448001,0.1238873237084394,0.15533969795861716
modest_noise,31424,1e-05,237745.35308199786,56523422627.67797,4,13.692107072609447,5.759148136908934e-05,normal_equations,success,1.3894004969636775,2185.6038003145873,0.12388732586444066,0.15533969795913866
modest_noise,31424,1e-05,237745.35308199786,56523422627.67797,4,13.692107072609447,5.759148136908934e-05,qr,success,1.3894004969589615,2185.579591657428,0.12388732370845985,0.15533969795861138
modest_noise,31424,1e-05,237745.35308199786,56523422627.67797,4,13.692107072609447,5.759148136908934e-05,svd,success,1.3894004969587659,2185.5795916574375,0.12388732370809463,0.1553396979585895
modest_noise,31424,1e-05,237745.35308199786,56523422627.67797,4,13.692107072609447,5.759148136908934e-05,lstsq,success,1.3894004969591833,2185.57959165744,0.12388732370809268,0.15533969795863617
modest_noise,31424,1e-06,2377448.9839033303,5658566482086.156,4,13.692094066880257,5.75915368093425e-06,normal_equations,success,1.3894005620705403,21884.31938695368,0.12388757799883003,0.1553397052383072
modest_noise,31424,1e-06,2377448.9839033303,5658566482086.156,4,13.692094066880257,5.75915368093425e-06,qr,success,1.3894004969619886,21855.764580949726,0.12388732370806346,0.15533969795894984
modest_noise,31424,1e-06,2377448.9839033303,5658566482086.156,4,13.692094066880257,5.75915368093425e-06,svd,success,1.3894004969560296,21855.76458096842,0.1238873237067049,0.1553396979582836
modest_noise,31424,1e-06,2377448.9839033303,5658566482086.156,4,13.692094066880257,5.75915368093425e-06,lstsq,success,1.3894004969596887,21855.7645809685,0.1238873237073046,0.15533969795869268
modest_noise,31424,1e-07,23774485.285433557,553654168760948.4,4,13.69209276631877,5.759154236961677e-07,normal_equations,success,1.3895685762139875,204048.9604068279,0.12393657173156165,0.15535848979060368
modest_noise,31424,1e-07,23774485.285433557,553654168760948.4,4,13.69209276631877,5.759154236961677e-07,qr,success,1.3894004969304858,218557.61447636384,0.12388732371008815,0.1553396979554277
modest_noise,31424,1e-07,23774485.285433557,553654168760948.4,4,13.69209276631877,5.759154236961677e-07,svd,success,1.3894004969889433,218557.61447381036,0.12388732371979701,0.15533969796196345
modest_noise,31424,1e-07,23774485.285433557,553654168760948.4,4,13.69209276631877,5.759154236961677e-07,lstsq,success,1.3894004969829408,218557.61447381068,0.12388732371437414,0.15533969796129232
modest_noise,31424,1e-08,237744848.3846353,inf,4,13.692092636262736,5.75915429053209e-08,normal_equations,success,1.4691745551731008,1020205.0345365703,0.13073058353601927,0.16425870880900342
modest_noise,31424,1e-08,237744848.3846353,inf,4,13.692092636262736,5.75915429053209e-08,qr,success,1.3894004965631888,2185576.1145171486,0.12388732364069995,0.1553396979143626
modest_noise,31424,1e-08,237744848.3846353,inf,4,13.692092636262736,5.75915429053209e-08,svd,success,1.389400496545713,2185576.114838818,0.12388732355193326,0.15533969791240881
modest_noise,31424,1e-08,237744848.3846353,inf,4,13.692092636262736,5.75915429053209e-08,lstsq,success,1.3894004966279974,2185576.1148388246,0.12388732369217734,0.15533969792160848
