mode,conditioning_parameter,solver,median_condition_number,mean_coefficient_error,median_coefficient_error,std_coefficient_error,mean_rmse,median_rmse,success_rate
modest_noise,1e-08,lstsq,237744848.3846353,835732.6385550406,733576.6663212758,744135.8855773521,0.14120797985210443,0.14309233329296495,1.0
modest_noise,1e-08,normal_equations,237744848.3846353,390111.472130669,342425.92149088695,347355.3250592553,0.14365026254530183,0.14362667913639493,1.0
modest_noise,1e-08,qr,237744848.3846353,835732.6384320331,733576.6662133035,744135.8854678298,0.14120797984909186,0.14309233328090507,1.0
modest_noise,1e-08,svd,237744848.3846353,835732.638555037,733576.6663212731,744135.8855773506,0.14120797986474887,0.14309233330171223,1.0
modest_noise,1e-07,lstsq,23774485.285433557,83573.2642863293,73357.66908231653,74413.59007933266,0.14120797986023925,0.14309233328098722,1.0
modest_noise,1e-07,normal_equations,23774485.285433557,78025.38337847995,68487.93644544593,69473.74872631485,0.14121308623923362,0.14309904249905553,1.0
modest_noise,1e-07,qr,23774485.285433557,83573.26428730585,73357.66908317343,74413.59008020181,0.14120797985884598,0.14309233327895407,1.0
modest_noise,1e-07,svd,23774485.285433557,83573.26428632934,73357.66908231642,74413.59007933241,0.1412079798599122,0.14309233327709742,1.0
modest_noise,1e-06,lstsq,2377448.9839033303,8357.326861202539,7335.769376283344,7441.360274361997,0.1412079798590856,0.1430923332782938,1.0
modest_noise,1e-06,normal_equations,2377448.9839033303,8368.245574765486,7345.353421779044,7451.082453817803,0.1412079818371793,0.14309233587714343,1.0
modest_noise,1e-06,qr,2377448.9839033303,8357.326861195379,7335.769376277067,7441.360274355603,0.14120797985917027,0.14309233327830537,1.0
modest_noise,1e-06,svd,2377448.9839033303,8357.326861202531,7335.76937628335,7441.360274361978,0.1412079798589871,0.14309233327788162,1.0
modest_noise,1e-05,lstsq,237745.35308199786,835.7331164113657,733.579406815443,744.1372910204857,0.1412079798590963,0.14309233327825704,1.0
modest_noise,1e-05,normal_equations,237745.35308199786,835.7423710639763,733.5875299922584,744.1455333288671,0.14120797985923658,0.14309233327848614,1.0
modest_noise,1e-05,qr,237745.35308199786,835.7331164113632,733.5794068154423,744.1372910204818,0.1412079798590926,0.1430923332782793,1.0
modest_noise,1e-05,svd,237745.35308199786,835.7331164113675,733.579406815446,744.1372910204863,0.14120797985909755,0.14309233327828896,1.0
modest_noise,0.0001,lstsq,23774.99003586928,83.57374400801227,73.36041017224481,74.41499031176069,0.14120797985909234,0.14309233327829152,1.0
modest_noise,0.0001,normal_equations,23774.99003586928,83.57375247084043,73.36041759868111,74.41499785640637,0.1412079798590928,0.14309233327829368,1.0
modest_noise,0.0001,qr,23774.99003586928,83.57374400801186,73.36041017224457,74.4149903117601,0.14120797985909325,0.14309233327828885,1.0
modest_noise,0.0001,svd,23774.99003586928,83.57374400801226,73.360410172245,74.41499031176066,0.14120797985909223,0.14309233327828896,1.0
modest_noise,0.001,lstsq,2377.9541559636023,8.357827048297835,7.338513843070636,7.44273844309171,0.14120797985909256,0.1430923332782901,1.0
modest_noise,0.001,normal_equations,2377.9541559636023,8.35782706620785,7.338513858828449,7.442738459271126,0.14120797985909267,0.1430923332782899,1.0
modest_noise,0.001,qr,2377.9541559636023,8.357827048297853,7.338513843070694,7.442738443091696,0.14120797985909272,0.14309233327829018,1.0
modest_noise,0.001,svd,2377.9541559636023,8.357827048297844,7.338513843070663,7.442738443091697,0.14120797985909272,0.14309233327829016,1.0
modest_noise,0.01,lstsq,238.2548239638332,0.8363849608478493,0.7363574442449596,0.7453618098370414,0.1412079798590927,0.14309233327829016,1.0
modest_noise,0.01,normal_equations,238.2548239638332,0.8363849608400878,0.7363574442386236,0.7453618098279103,0.14120797985909272,0.14309233327829024,1.0
modest_noise,0.01,qr,238.2548239638332,0.8363849608478471,0.7363574442449556,0.7453618098370423,0.1412079798590927,0.1430923332782902,1.0
modest_noise,0.01,svd,238.2548239638332,0.8363849608478457,0.7363574442449552,0.7453618098370415,0.1412079798590927,0.14309233327829013,1.0
modest_noise,0.1,lstsq,24.328327465491714,0.08486128685052177,0.07493816591320765,0.07519885770084851,0.1412079798590927,0.14309233327829018,1.0
modest_noise,0.1,normal_equations,24.328327465491714,0.08486128685053282,0.07493816591313132,0.07519885770089207,0.1412079798590927,0.14309233327829016,1.0
modest_noise,0.1,qr,24.328327465491714,0.08486128685052194,0.07493816591320787,0.07519885770084879,0.14120797985909272,0.14309233327829018,1.0
modest_noise,0.1,svd,24.328327465491714,0.08486128685052186,0.07493816591320814,0.07519885770084861,0.14120797985909272,0.14309233327829018,1.0
modest_noise,1.0,lstsq,3.496515409146787,0.012614644991697167,0.011016596703993327,0.006838515191432777,0.14120797985909272,0.14309233327829016,1.0
modest_noise,1.0,normal_equations,3.496515409146787,0.012614644991696802,0.011016596703993933,0.0068385151914322805,0.1412079798590927,0.14309233327829018,1.0
modest_noise,1.0,qr,3.496515409146787,0.012614644991697347,0.011016596703993197,0.006838515191432751,0.14120797985909272,0.14309233327829018,1.0
modest_noise,1.0,svd,3.496515409146787,0.012614644991697394,0.011016596703993176,0.0068385151914327645,0.14120797985909272,0.14309233327829016,1.0
