seed,feature_or_group,delta_rmse,delta_mae
0,prior_gpa,0.053894552823749775,0.05238359757812738
0,prerequisite_grade,0.0007686758715086395,-0.01288131968030548
0,early_attendance,0.01075969867893245,0.017377799544563644
0,quiz_1,0.13709972836777817,0.14377206542492316
0,assignment_performance,0.02717627165960468,-0.019400751626303947
0,quiz_2,0.13380079763995933,0.08400026158758822
0,midterm,0.0028136036336208203,0.0532475588246758
0,updated_attendance,-0.025011185907094946,-0.022165027171737073
0,prior_history,0.06611598070448088,0.07559315085807838
0,attendance,-0.00134728853754984,-0.0026201460192201154
0,assessment,0.3928134169017239,0.4014081850260266
0,coursework,0.02717627165960468,-0.019400751626303947
1,prior_gpa,-0.04943515012970834,0.007817876739136365
1,prerequisite_grade,-0.07184637670628291,-0.039743491054914815
1,early_attendance,0.052180323748634905,0.027311846289256092
1,quiz_1,-0.05624119382891535,-0.07131344889032842
1,assignment_performance,0.054811546718057436,0.0011635215413119404
1,quiz_2,0.0697697100750081,0.04999020934787768
1,midterm,0.14600150402802314,0.13808328908037693
1,updated_attendance,0.05413126321236872,0.06935076603176848
1,prior_history,-0.10158125939265905,-0.017979626639707647
1,attendance,0.07735512324547766,0.07164719993194657
1,assessment,0.25087596906131493,0.18581153811495366
1,coursework,0.054811546718057436,0.0011635215413119404
2,prior_gpa,-0.017395110535645353,-0.04258680008795168
2,prerequisite_grade,0.07587139736348791,0.04114554423561123
2,early_attendance,0.0922363404364106,0.0646586542745815
2,quiz_1,0.006106389079063801,-0.0008131257578061213
2,assignment_performance,0.04589930297958422,-0.004870305322129065
2,quiz_2,0.06530521226479569,0.05421828900125614
2,midterm,0.01538942527576781,0.015346854817762434
2,updated_attendance,0.003960090904464808,-0.01587969335429462
2,prior_history,0.05646035014209172,0.005382027044160909
2,attendance,0.10647760312035448,0.06435429579115226
2,assessment,0.0971941174744273,0.08101688038633204
2,coursework,0.04589930297958422,-0.004870305322129065
3,prior_gpa,0.06374171553704255,0.05878844246438275
3,prerequisite_grade,0.018567578077951286,-0.014383252739350039
3,early_attendance,0.08856384514404891,0.07106033202028761
3,quiz_1,-0.061244400527811216,-0.029134123325421646
3,assignment_performance,0.017279325666260892,0.0890968618749648
3,quiz_2,0.04013075407060507,0.01890605603093576
3,midterm,0.13518140770683584,0.10986504999318858
3,updated_attendance,-0.04131365434289447,-0.041829255751204886
3,prior_history,0.08877299714836306,0.06560556130593298
3,attendance,0.06476657485800175,0.05060813461628544
3,assessment,0.1397729383427775,0.11285361701623864
3,coursework,0.017279325666260892,0.0890968618749648
4,prior_gpa,0.048864188004546616,0.04865718491712534
4,prerequisite_grade,-0.011095201856466952,-0.006514391596436742
4,early_attendance,0.01931482962595399,0.05452221364286003
4,quiz_1,-0.017087680549910278,-0.017482081817719486
4,assignment_performance,0.027356023142504293,0.046819506339699224
4,quiz_2,0.03379406852272804,0.0323062623225252
4,midterm,0.09825854151713243,0.053411730767459975
4,updated_attendance,0.0342407608774562,0.03389137967322231
4,prior_history,0.049279175478393444,0.054293524808887605
4,attendance,0.06670493552243872,0.05348648073138573
4,assessment,0.15433127981906014,0.07380201675092968
4,coursework,0.027356023142504293,0.046819506339699224
5,prior_gpa,0.01373680203579819,0.009758629487109483
5,prerequisite_grade,0.07037782182202701,0.08231824246974129
5,early_attendance,0.11240625295754136,0.07200953121464515
5,quiz_1,0.005564229710791846,0.012363966646621316
5,assignment_performance,0.04191701496872202,0.0018708056420830843
5,quiz_2,0.04018001727319387,0.04739671140452395
5,midterm,0.02388980394187179,0.008964716319309396
5,updated_attendance,-0.006045340245051323,0.001592441955433621
5,prior_history,0.10249643738081904,0.11529418426665639
5,attendance,0.11183636468128944,0.06891111900122326
5,assessment,0.11282621818805705,0.08990373615327663
5,coursework,0.04191701496872202,0.0018708056420830843
6,prior_gpa,0.07260029835026605,0.06845094109662675
6,prerequisite_grade,0.052218395520120975,0.07897962825477378
6,early_attendance,0.016820285376960786,0.02202273345214567
6,quiz_1,0.061211361575015166,0.017182993007716085
6,assignment_performance,0.02379897026958755,0.03242465398253658
6,quiz_2,0.014334324619843075,0.003914030084237963
6,midterm,0.07963719540094294,0.0866507124320931
6,updated_attendance,0.02272884506135231,-0.0038349803917124836
6,prior_history,0.14803166068780538,0.14624640327765415
6,attendance,0.03993910993121608,0.011880921768123276
6,assessment,0.1994341192650555,0.1391698682578083
6,coursework,0.02379897026958755,0.03242465398253658
7,prior_gpa,0.015931930407652173,0.0214402482864946
7,prerequisite_grade,-0.042894894741685174,-0.032152690947668594
7,early_attendance,-0.0070851317435667305,0.01838653658625944
7,quiz_1,-0.029668752809981713,0.010148627293212753
7,assignment_performance,0.09873766090584657,0.10854795521844363
7,quiz_2,0.1334176444089532,0.10097321216393929
7,midterm,0.09588552891274071,0.06193930705157413
7,updated_attendance,0.028222169827245125,0.05563333126623027
7,prior_history,-0.020845322212672546,-2.5548111159956477e-06
7,attendance,0.031189208235610222,0.06157481959051081
7,assessment,0.23169782207373535,0.15978444276786208
7,coursework,0.09873766090584657,0.10854795521844363
8,prior_gpa,0.00607496729289414,0.01833143827876471
8,prerequisite_grade,0.01682228784255324,0.002671876510821569
8,early_attendance,0.07746440637174334,0.0673478517483832
8,quiz_1,0.01738632566617282,0.0028054875943355206
8,assignment_performance,0.009216079002425603,0.025238856256986963
8,quiz_2,0.028183447854003063,0.03183322291733659
8,midterm,0.09408199828412633,0.057395750411497914
8,updated_attendance,0.0393309751231139,0.022461952784279537
8,prior_history,0.007444312409423892,-0.01411114357833343
8,attendance,0.1233329776336447,0.09995178766516499
8,assessment,0.2561746418784763,0.17931382342271607
8,coursework,0.009216079002425603,0.025238856256986963
9,prior_gpa,0.06485679909838216,0.06878947799822299
9,prerequisite_grade,0.08188530598208033,0.04184178556077711
9,early_attendance,0.018348372516149958,-0.0046136206982858585
9,quiz_1,-0.08528803298304033,-0.0596494592361414
9,assignment_performance,0.026768366608066696,-0.010780294845374128
9,quiz_2,0.07954191557488599,0.0550306215913563
9,midterm,0.05531271024915552,0.040584029510226216
9,updated_attendance,0.043029064887892376,0.04901089067807418
9,prior_history,0.14447879444123335,0.11267901006651404
9,attendance,0.06930290362283698,0.04567106380534902
9,assessment,0.04165093008858234,0.030138315200384902
9,coursework,0.026768366608066696,-0.010780294845374128
10,prior_gpa,0.028008580035760566,0.006023056875124055
10,prerequisite_grade,0.008608597411122076,0.0036459439704756846
10,early_attendance,0.025626161548908843,0.05806640335902613
10,quiz_1,0.05003771952879066,0.028975306824066127
10,assignment_performance,0.04574679862158004,0.035015967341311516
10,quiz_2,0.08003575409102681,0.07997833180376723
10,midterm,-0.03970376153996269,-0.023561140457227348
10,updated_attendance,0.03382815240051351,0.06046348676756996
10,prior_history,0.04706188481432094,0.010950301892508785
10,attendance,0.0812835253382782,0.10089888149159432
10,assessment,0.14817391256372092,0.03981226065909982
10,coursework,0.04574679862158004,0.035015967341311516
11,prior_gpa,0.05569021929714846,0.0009596673655544175
11,prerequisite_grade,0.10762192876517274,0.051635385334309336
11,early_attendance,-0.015495038242955284,-0.01632516480799684
11,quiz_1,0.0336489977861143,0.04546261845595456
11,assignment_performance,0.060949659694284675,0.044615555219744696
11,quiz_2,0.12355158107999564,0.12361747480816665
11,midterm,0.15578734620131307,0.08994242811167519
11,updated_attendance,-0.001164918508883117,0.007053809554958934
11,prior_history,0.20836289820415232,0.10067186966962627
11,attendance,-0.024573264908459125,-0.023149003597507822
11,assessment,0.23747577024992816,0.21347266839872048
11,coursework,0.060949659694284675,0.044615555219744696
12,prior_gpa,0.013219172269594903,-0.0025350639007090114
12,prerequisite_grade,0.07831041755789458,0.07505277525331511
12,early_attendance,0.02611511660879895,-0.01841736064687083
12,quiz_1,0.0776841510356805,0.06111527683356244
12,assignment_performance,-0.02863900010273457,-0.012386699260573009
12,quiz_2,0.016483552411545643,0.007533223687814616
12,midterm,0.03765768632216826,0.05183194158334825
12,updated_attendance,0.011274979597173385,0.011687783447410283
12,prior_history,0.08813847037592892,0.07558887392645841
12,attendance,0.04201583525174635,0.02121202807902034
12,assessment,0.16685870207325082,0.14809062424010377
12,coursework,-0.02863900010273457,-0.012386699260573009
13,prior_gpa,0.07625193831329824,0.080831280091336
13,prerequisite_grade,0.0338209812441872,0.012718956682431726
13,early_attendance,-0.02014623357544787,-0.04041868639947821
13,quiz_1,0.07074972819332359,0.05852719644374127
13,assignment_performance,-0.01585582406807773,-0.019334743809230615
13,quiz_2,0.08770508496951135,0.07503399589798754
13,midterm,0.024581340876026925,-0.021526287407146683
13,updated_attendance,0.009174332335982971,0.013888176009863695
13,prior_history,0.14158725402593553,0.1145852249231889
13,attendance,-0.011682538493702266,-0.030880018613490323
13,assessment,0.32708328932012076,0.23340369137139327
13,coursework,-0.01585582406807773,-0.019334743809230615
14,prior_gpa,-0.012710546497191944,0.04970462705459244
14,prerequisite_grade,-0.050488948615860396,-0.029126776013591704
14,early_attendance,0.044015348395918696,0.022883400911356988
14,quiz_1,0.07775122696638692,0.08594703618751964
14,assignment_performance,0.05244315996890392,0.04637093200161457
14,quiz_2,0.01889927666170621,0.019232022945209426
14,midterm,0.11056200074434597,0.09751453106913788
14,updated_attendance,0.026844421670651375,0.02163685717194097
14,prior_history,-0.06238764347475101,0.006164013274862379
14,attendance,0.08492528618736594,0.07583383967771762
14,assessment,0.24619559679239322,0.19298978515495357
14,coursework,0.05244315996890392,0.04637093200161457
15,prior_gpa,0.07299630506334531,0.057013120686714935
15,prerequisite_grade,-0.023503916021268445,-0.06369057569351388
15,early_attendance,-0.015559390256170813,-0.009501557375343306
15,quiz_1,0.10504002156045789,0.14769158320913744
15,assignment_performance,0.05299955489712205,0.05266344130816236
15,quiz_2,0.11015696452866552,0.11650181582370989
15,midterm,0.050636549108029394,0.05239682079156294
15,updated_attendance,-0.00602057368960196,-0.007584433725720152
15,prior_history,0.0461592795719572,-0.014573575664399208
15,attendance,-0.01556117678815272,-0.027382225782608405
15,assessment,0.31833562683873873,0.32006042102177124
15,coursework,0.05299955489712205,0.05266344130816236
16,prior_gpa,0.08546259896387576,0.033481582027271806
16,prerequisite_grade,-0.0007455034893049106,-0.011488932535829388
16,early_attendance,0.058691399680437684,0.02597029903700787
16,quiz_1,0.10304909693745445,0.11806787609722236
16,assignment_performance,-0.03235953677643444,0.004090956676812918
16,quiz_2,-0.016633020836950285,0.019672662460992973
16,midterm,0.04517975594567947,0.021275222260476845
16,updated_attendance,0.017106314903740927,0.022127612448849865
16,prior_history,0.10589338803807546,0.035607706682603935
16,attendance,0.08089832983840739,0.055598144725350296
16,assessment,0.1278401002195313,0.12712160067496991
16,coursework,-0.03235953677643444,0.004090956676812918
17,prior_gpa,0.20986170397970683,0.11542594348840429
17,prerequisite_grade,0.0732927732512143,0.07115000197745269
17,early_attendance,-0.029100633476189852,-0.03533951038198291
17,quiz_1,0.012202050008926602,0.020364177983965726
17,assignment_performance,0.05556025725055558,0.05140514178953215
17,quiz_2,0.06781461325335036,0.057159687412109084
17,midterm,-0.05091649072462889,-0.04057684715126919
17,updated_attendance,0.014771048881118798,0.0005904569998937959
17,prior_history,0.31349523672368407,0.20317023011707647
17,attendance,-0.027840200954789562,-0.05778436016789834
17,assessment,0.07919495453928604,0.09063746568883702
17,coursework,0.05556025725055558,0.05140514178953215
18,prior_gpa,0.028833510038356325,0.0062728934689895155
18,prerequisite_grade,0.012345135438815102,-0.010118575113260642
18,early_attendance,0.031295330500304086,0.022090539926904018
18,quiz_1,0.059448204769000146,0.09386735649452249
18,assignment_performance,0.022653339136474937,-0.023272671201569395
18,quiz_2,0.057014191683202764,0.0027328424649701866
18,midterm,0.1014017656386057,0.12785267360040065
18,updated_attendance,0.0004280232977866838,-0.03126523034048301
18,prior_history,0.050078145607999947,0.00864321088183706
18,attendance,0.04094303790418441,0.013554778584766058
18,assessment,0.268111463252626,0.27866366567427736
18,coursework,0.022653339136474937,-0.023272671201569395
19,prior_gpa,0.014666489320494858,0.013641217063316669
19,prerequisite_grade,0.05326409965080581,0.025235787378486974
19,early_attendance,-0.05569790211336412,-0.049177443547797295
19,quiz_1,0.020253190673844568,0.040178454304037325
19,assignment_performance,0.07500100844044866,0.08239210909855887
19,quiz_2,0.030808725313372864,0.016016703023245427
19,midterm,0.06451492589800534,0.09166938238730471
19,updated_attendance,0.059617055692744,0.04770074860342777
19,prior_history,0.08254381162945124,0.05241487580865534
19,attendance,0.008974196862016282,0.01088055830316681
19,assessment,0.10576312924898756,0.12354589018165796
19,coursework,0.07500100844044866,0.08239210909855887
