feature_or_group,mean_delta_rmse,median_delta_rmse,std_delta_rmse,mean_delta_mae,fraction_harmful_when_removed
assessment,0.1950901999095897,0.18314641066915316,0.0926784203151804,0.16105002480811564,1.0
assignment_performance,0.033072998949139155,0.03463651905561316,0.03293132604742622,0.026583539911329158,0.85
attendance,0.047447027127510755,0.05339120505487405,0.04683439821018203,0.03321241497910159,0.75
coursework,0.033072998949139155,0.03463651905561316,0.03293132604742622,0.026583539911329158,0.85
early_attendance,0.026537669109152496,0.022470495587431416,0.04431985209415044,0.018495739907476105,0.7
midterm,0.06230764187098999,0.05991381807358043,0.05693833072623438,0.05361538619982138,0.9
prerequisite_grade,0.024160027718403622,0.017694932960252263,0.049533100836825085,0.01331479611266626,0.7
prior_gpa,0.042257548183468364,0.03884884902145147,0.05336155993917414,0.03363246804893169,0.85
prior_history,0.07807929261520169,0.07432989616696606,0.09128454640416946,0.05681116340555729,0.85
quiz_1,0.029385118057957127,0.026951094229979433,0.059591390745337744,0.03540388918865606,0.75
quiz_2,0.06071473077297011,0.061159701973999225,0.042305405176101776,0.049802381838977505,0.95
updated_attendance,0.015956591299003963,0.015938681892429862,0.02542847723468846,0.014726553632888573,0.75
