checkpoint,model,number_of_features,test_mae,test_rmse,test_r2
early_semester,Huber,4,1.2852535313585145,1.5683993856156504,0.7148015117175485
early_semester,OLS,4,1.2860779649724712,1.5689671707871857,0.7147486105682025
early_semester,Ridge,4,1.2774372515993269,1.5586700907709656,0.7186069210533861
later_semester,Huber,8,1.041838619660402,1.29796385405966,0.8039462865922575
later_semester,OLS,8,1.0453026666710585,1.3015038842014717,0.8028220733958777
later_semester,Ridge,8,1.0437075800130653,1.2968681648867695,0.804796199206914
mid_semester,Huber,6,1.1164342914631993,1.385090121714662,0.7771661398187453
mid_semester,OLS,6,1.1169060982362233,1.3842515734923915,0.7774974243033418
mid_semester,Ridge,6,1.1141138010587122,1.3792056893754232,0.7795633440412997
pre_semester,Huber,2,1.4764035674583706,1.8397149746279038,0.6054217529865804
pre_semester,OLS,2,1.4769153163558155,1.839637908184167,0.6057534843219405
pre_semester,Ridge,2,1.4747179534618717,1.841546765137349,0.6051680301455284
