replicate,seed,checkpoint,number_of_features,model,selected_alpha,selected_lambda,test_mae,test_rmse,test_r2,status,huber_iterations
0,0,pre_semester,2,OLS,,,1.705338499447732,2.0526125845229206,0.4818003479720293,success,
0,0,pre_semester,2,Ridge,0.0026826957952797246,0.6286252421283853,1.7051125155470903,2.052580171369316,0.4818167138000745,success,
0,0,pre_semester,2,Huber,,,1.704929747794677,2.052225623636388,0.4819957127445621,success,10.0
0,0,early_semester,4,OLS,,,1.2309888046274453,1.5499028893229831,0.7045444731958073,success,
0,0,early_semester,4,Ridge,0.03727593720314938,14.357569168984854,1.2370928509151984,1.5519633938652146,0.7037583695854143,success,
0,0,early_semester,4,Huber,,,1.2234814734392054,1.5310513401754906,0.7116880453173143,success,9.0
0,0,mid_semester,6,OLS,,,0.994918041366048,1.218032029556935,0.8175261816295925,success,
0,0,mid_semester,6,Ridge,0.0026826957952797246,1.4597072901525714,0.9961961375700744,1.2194381305030464,0.8171046414747484,success,
0,0,mid_semester,6,Huber,,,1.0001910632521005,1.2315773998824564,0.8134451414494617,success,11.0
0,0,later_semester,8,OLS,,,0.9648489087401212,1.2013973707670407,0.8224762362762574,success,
0,0,later_semester,8,Ridge,0.03727593720314938,26.594698091591848,0.9804485283501722,1.2176640532698602,0.8176364182964309,success,
0,0,later_semester,8,Huber,,,0.9709717719567866,1.2101623904632621,0.8198764714260924,success,11.0
1,1,pre_semester,2,OLS,,,1.9807486027192518,2.578439533178605,0.4414387747627705,success,
1,1,pre_semester,2,Ridge,0.5179474679231202,116.11470890202241,1.9981684950494112,2.650350390736719,0.4098485625684666,success,
1,1,pre_semester,2,Huber,,,1.974821664837238,2.5720298540052133,0.44421235020887717,success,6.0
1,1,early_semester,4,OLS,,,1.815014187880692,2.275980685648923,0.5647948498349268,success,
1,1,early_semester,4,Ridge,0.03727593720314938,13.941148594042557,1.8051215006477621,2.2687234363425386,0.5675658371543699,success,
1,1,early_semester,4,Huber,,,1.8261560043480223,2.2929477031488457,0.5582819148843086,success,10.0
1,1,mid_semester,6,OLS,,,1.5633985275995232,1.8645585352724476,0.7079152211209255,success,
1,1,mid_semester,6,Ridge,0.03727593720314938,19.880702686232862,1.5710519992415148,1.8837711306329257,0.7018648683421691,success,
1,1,mid_semester,6,Huber,,,1.5710760112038276,1.8752701067503188,0.7045496267302356,success,12.0
1,1,later_semester,8,OLS,,,1.3402734152362628,1.6547999856120987,0.7699364067621969,success,
1,1,later_semester,8,Ridge,0.03727593720314938,26.378890925100773,1.3453806220094908,1.668795709002563,0.766028353986997,success,
1,1,later_semester,8,Huber,,,1.3368957134280837,1.6548487693274747,0.769922841953904,success,12.0
2,2,pre_semester,2,OLS,,,1.5689030906911519,1.9336544879538624,0.6098064785184331,success,
2,2,pre_semester,2,Ridge,0.0,0.0,1.5689030906911519,1.9336544879538629,0.609806478518433,success,
2,2,pre_semester,2,Huber,,,1.5574015748460948,1.9209490818410175,0.6149172983822535,success,10.0
2,2,early_semester,4,OLS,,,1.2455720638771446,1.5709590603331651,0.7424556432460571,success,
2,2,early_semester,4,Ridge,0.0,0.0,1.2455720638771457,1.5709590603331667,0.7424556432460565,success,
2,2,early_semester,4,Huber,,,1.2158605684070285,1.5402073706389898,0.7524398721966485,success,9.0
2,2,mid_semester,6,OLS,,,1.1321096408279148,1.3994113300102182,0.7956319152186462,success,
2,2,mid_semester,6,Ridge,0.0026826957952797246,1.5035717285539962,1.1304054875722223,1.3989523683874028,0.7957659454706872,success,
2,2,mid_semester,6,Huber,,,1.108490305553498,1.3812253021233025,0.8009091254535465,success,11.0
2,2,later_semester,8,OLS,,,1.1353051796317846,1.3806187892951953,0.8010839335135096,success,
2,2,later_semester,8,Ridge,0.0026826957952797246,1.9926550489942256,1.1336455087452748,1.3797499695135855,0.8013342094571666,success,
2,2,later_semester,8,Huber,,,1.103349485693456,1.352884898523949,0.8089953230466322,success,13.0
3,3,pre_semester,2,OLS,,,1.4336497013218874,1.8387791784090928,0.6652023112014249,success,
3,3,pre_semester,2,Ridge,0.03727593720314938,8.36145051786223,1.4499888988241878,1.8570759578991234,0.6585063505814712,success,
3,3,pre_semester,2,Huber,,,1.4324367803188165,1.8386262248193308,0.6652580072623009,success,7.0
3,3,early_semester,4,OLS,,,1.2299687799633532,1.4868345748521845,0.7810985693921655,success,
3,3,early_semester,4,Ridge,0.0,0.0,1.2299687799633536,1.4868345748521847,0.7810985693921655,success,
3,3,early_semester,4,Huber,,,1.2571316339402168,1.5130063631951582,0.7733243834549663,success,11.0
3,3,mid_semester,6,OLS,,,1.1165505079694857,1.385689408082841,0.8098680548597665,success,
3,3,mid_semester,6,Ridge,0.0,0.0,1.1165505079694864,1.3856894080828417,0.8098680548597663,success,
3,3,mid_semester,6,Huber,,,1.1032462040615305,1.3789043425783885,0.811725468640399,success,10.0
3,3,later_semester,8,OLS,,,1.0130185262644373,1.281972180311045,0.8372651761351086,success,
3,3,later_semester,8,Ridge,0.0026826957952797246,1.926176427244215,1.012100153872973,1.279735338321947,0.8378325745864449,success,
3,3,later_semester,8,Huber,,,1.0054842463591516,1.2783322612981847,0.8381879740978779,success,8.0
4,4,pre_semester,2,OLS,,,1.419766951294675,1.6870796049493926,0.7602412003446889,success,
4,4,pre_semester,2,Ridge,0.0,0.0,1.419766951294675,1.6870796049493926,0.7602412003446888,success,
4,4,pre_semester,2,Huber,,,1.4195515830588519,1.6888422213546008,0.7597399512578435,success,9.0
4,4,early_semester,4,OLS,,,1.219128165996638,1.4867725974839867,0.8137945014856061,success,
4,4,early_semester,4,Ridge,0.03727593720314938,13.855785297185873,1.1673920437048062,1.4355562160924937,0.8264023614395103,success,
4,4,early_semester,4,Huber,,,1.202014047803968,1.4714458291410057,0.8176138055614693,success,11.0
4,4,mid_semester,6,OLS,,,1.1225107821050126,1.405653968687363,0.8335590249523177,success,
4,4,mid_semester,6,Ridge,0.0026826957952797246,1.4298616822368082,1.1164146395525643,1.3989761156607643,0.8351366937986404,success,
4,4,mid_semester,6,Huber,,,1.1132409713092584,1.3959158117052466,0.835857192144364,success,10.0
4,4,later_semester,8,OLS,,,1.0321973833652802,1.292540414139944,0.8592683863405856,success,
4,4,later_semester,8,Ridge,0.0026826957952797246,1.884570263553507,1.0265289472334127,1.287045535232997,0.8604624061553063,success,
4,4,later_semester,8,Huber,,,1.0191385353509057,1.2790928950468086,0.8621814811341364,success,11.0
5,5,pre_semester,2,OLS,,,1.3751175800208735,1.7658197272135678,0.6638354663273536,success,
5,5,pre_semester,2,Ridge,0.0,0.0,1.375117580020875,1.7658197272135678,0.6638354663273537,success,
5,5,pre_semester,2,Huber,,,1.3756501238235668,1.767411215700016,0.66322924014413,success,12.0
5,5,early_semester,4,OLS,,,1.195494475478401,1.455660428867493,0.7715562314756925,success,
5,5,early_semester,4,Ridge,0.00019306977288832496,0.07685346151689602,1.1955880800806993,1.455782871054951,0.7715177989806342,success,
5,5,early_semester,4,Huber,,,1.2034050963626852,1.459507323088045,0.7703472129399933,success,9.0
5,5,mid_semester,6,OLS,,,1.1396108441816393,1.3713096644081337,0.7972642971405228,success,
5,5,mid_semester,6,Ridge,0.0026826957952797246,1.5561717736271405,1.1396751522604938,1.3722959668901276,0.7969725605016096,success,
5,5,mid_semester,6,Huber,,,1.1357202434905485,1.3689785923715518,0.7979529670504834,success,10.0
5,5,later_semester,8,OLS,,,1.1379478962068335,1.3568431400099097,0.801519223606571,success,
5,5,later_semester,8,Ridge,0.0026826957952797246,2.0491714136740296,1.1380313026227213,1.3574600698310053,0.8013386919831775,success,
5,5,later_semester,8,Huber,,,1.1368620665022728,1.355593102917582,0.8018847692415028,success,9.0
6,6,pre_semester,2,OLS,,,1.244930709336111,1.6249934916471513,0.705769063160542,success,
6,6,pre_semester,2,Ridge,0.0,0.0,1.2449307093361102,1.6249934916471511,0.7057690631605422,success,
6,6,pre_semester,2,Huber,,,1.2548323856971326,1.644891975934208,0.6985190696074199,success,11.0
6,6,early_semester,4,OLS,,,1.1265138264530294,1.3650993443343116,0.7923587670996146,success,
6,6,early_semester,4,Ridge,0.03727593720314938,13.926001138916819,1.1338169455193776,1.3739862694719764,0.7896464390738054,success,
6,6,early_semester,4,Huber,,,1.1260691882699978,1.3640165735754552,0.7926880305948572,success,12.0
6,6,mid_semester,6,OLS,,,0.9710715276413472,1.2211919540054426,0.8338298732140276,success,
6,6,mid_semester,6,Ridge,0.03727593720314938,20.167229491645962,0.9952268272552175,1.2287597424140826,0.8317639623211909,success,
6,6,mid_semester,6,Huber,,,0.9746529341574023,1.2273002972344076,0.8321633658047222,success,12.0
6,6,later_semester,8,OLS,,,0.9304253208950669,1.1579354453239994,0.8505989054494566,success,
6,6,later_semester,8,Ridge,0.03727593720314938,26.090250693425514,0.924745608718576,1.1622790936351453,0.8494759361549907,success,
6,6,later_semester,8,Huber,,,0.9397570807918308,1.1616750005657603,0.8496323648711666,success,11.0
7,7,pre_semester,2,OLS,,,1.7837337533001902,2.0544205280485848,0.4802503437196377,success,
7,7,pre_semester,2,Ridge,0.03727593720314938,8.55545042196451,1.7631873772241091,2.0399155960689557,0.4875636659403003,success,
7,7,pre_semester,2,Huber,,,1.796404975610682,2.0648500554931664,0.47495979801377597,success,10.0
7,7,early_semester,4,OLS,,,1.5706988335752936,1.8981666753308448,0.5563053337322432,success,
7,7,early_semester,4,Ridge,0.03727593720314938,15.186897100231898,1.5638938714596338,1.8801334234662301,0.5646957984775385,success,
7,7,early_semester,4,Huber,,,1.5629292912251167,1.8824055208243566,0.5636430528181517,success,10.0
7,7,mid_semester,6,OLS,,,1.2172255365260858,1.5006718734084867,0.7226762881003777,success,
7,7,mid_semester,6,Ridge,0.03727593720314938,21.04652608932269,1.2108433370467575,1.4954825670971494,0.7245909364490031,success,
7,7,mid_semester,6,Huber,,,1.2114435783601865,1.4946547388669122,0.7248957588522493,success,9.0
7,7,later_semester,8,OLS,,,1.0926040305996907,1.3522341276894285,0.774825449821462,success,
7,7,later_semester,8,Ridge,0.03727593720314938,27.888359947402673,1.1001076780849097,1.3568758810110257,0.7732769034441438,success,
7,7,later_semester,8,Huber,,,1.077917104982877,1.3411779155691617,0.7784925660826025,success,10.0
8,8,pre_semester,2,OLS,,,1.4758720114048582,1.9031839290431236,0.5920213230203838,success,
8,8,pre_semester,2,Ridge,0.0,0.0,1.4758720114048576,1.9031839290431214,0.5920213230203848,success,
8,8,pre_semester,2,Huber,,,1.4735049264418645,1.897345262815695,0.5945207109237842,success,8.0
8,8,early_semester,4,OLS,,,1.2816891799221393,1.5763292032519143,0.7201213408638695,success,
8,8,early_semester,4,Ridge,0.0,0.0,1.2816891799221382,1.5763292032519123,0.7201213408638703,success,
8,8,early_semester,4,Huber,,,1.2916691848949635,1.5866004152907769,0.7164621322908771,success,11.0
8,8,mid_semester,6,OLS,,,1.1632653962825092,1.4363453757035418,0.7676226992030403,success,
8,8,mid_semester,6,Ridge,0.03727593720314938,20.109992009633444,1.1560986045263555,1.4284969292193772,0.770155262824963,success,
8,8,mid_semester,6,Huber,,,1.1661423210291717,1.4400385798957553,0.7664261622400541,success,9.0
8,8,later_semester,8,OLS,,,1.0761184149631182,1.306630800179801,0.8076989195822624,success,
8,8,later_semester,8,Ridge,0.03727593720314938,26.093475454997577,1.0767170162590933,1.2990818398688075,0.8099145106393246,success,
8,8,later_semester,8,Huber,,,1.078219530857467,1.3045634472114642,0.8083069562272965,success,11.0
9,9,pre_semester,2,OLS,,,1.2682154845742526,1.7015811691389,0.6317487402041286,success,
9,9,pre_semester,2,Ridge,0.0,0.0,1.2682154845742526,1.7015811691389002,0.6317487402041285,success,
9,9,pre_semester,2,Huber,,,1.2686387750656467,1.7075148963592814,0.6291759420425702,success,7.0
9,9,early_semester,4,OLS,,,1.4233449049770652,1.7213464260621747,0.6231439739677089,success,
9,9,early_semester,4,Ridge,0.03727593720314938,15.067988718772186,1.3905083675767222,1.6832327735075103,0.6396477344410174,success,
9,9,early_semester,4,Huber,,,1.4364571723446364,1.7338833512902794,0.6176345414330324,success,10.0
9,9,mid_semester,6,OLS,,,1.289649607450422,1.5544895793667297,0.6926632248662263,success,
9,9,mid_semester,6,Ridge,0.03727593720314938,21.241425594856295,1.2530271898743177,1.5128774106223597,0.708897204257007,success,
9,9,mid_semester,6,Huber,,,1.3134983324077085,1.574086004010815,0.6848655990089447,success,9.0
9,9,later_semester,8,OLS,,,1.1689045912764284,1.4247119103378274,0.7418375881906377,success,
9,9,later_semester,8,Ridge,0.03727593720314938,27.70089914650939,1.149671545183262,1.3921499177571799,0.7535034121209162,success,
9,9,later_semester,8,Huber,,,1.1806282763276652,1.4375703770114372,0.7371565676543292,success,13.0
10,10,pre_semester,2,OLS,,,1.3741059852256658,1.716793909007626,0.5438001184218543,success,
10,10,pre_semester,2,Ridge,0.0,0.0,1.3741059852256656,1.7167939090076259,0.5438001184218544,success,
10,10,pre_semester,2,Huber,,,1.373238237284606,1.7310982914647404,0.536166303385842,success,10.0
10,10,early_semester,4,OLS,,,1.288086832125502,1.5123599053822099,0.6459788969734883,success,
10,10,early_semester,4,Ridge,0.03727593720314938,14.005383806983296,1.2756322395411848,1.492837308927934,0.655059807474523,success,
10,10,early_semester,4,Huber,,,1.2781981902039137,1.5012436053510056,0.6511640934077441,success,9.0
10,10,mid_semester,6,OLS,,,1.0516919021183906,1.328638170782909,0.7267675407164679,success,
10,10,mid_semester,6,Ridge,0.0,0.0,1.0516919021183908,1.3286381707829096,0.7267675407164675,success,
10,10,mid_semester,6,Huber,,,1.0500415617059118,1.310831771873202,0.7340421832893016,success,12.0
10,10,later_semester,8,OLS,,,1.0840068098668771,1.3528368080233886,0.7167240773779793,success,
10,10,later_semester,8,Ridge,0.0,0.0,1.084006809866877,1.3528368080233877,0.7167240773779796,success,
10,10,later_semester,8,Huber,,,1.07357757634642,1.3335513691594174,0.7247430205229155,success,10.0
11,11,pre_semester,2,OLS,,,1.3227799850796245,1.6843238455032654,0.7560464190932104,success,
11,11,pre_semester,2,Ridge,0.0,0.0,1.3227799850796247,1.6843238455032654,0.7560464190932104,success,
11,11,pre_semester,2,Huber,,,1.320612657660223,1.6771491426747098,0.758120327377482,success,8.0
11,11,early_semester,4,OLS,,,1.2123259373571236,1.4897476497435524,0.8091547210753809,success,
11,11,early_semester,4,Ridge,0.0026826957952797246,1.0438413028605247,1.214848030302307,1.4921749686717043,0.8085323072730011,success,
11,11,early_semester,4,Huber,,,1.2144164521672398,1.4916025186451327,0.8086791863774229,success,11.0
11,11,mid_semester,6,OLS,,,1.0170277678516684,1.262269124778803,0.8629875847892133,success,
11,11,mid_semester,6,Ridge,0.03727593720314938,20.869596952138323,1.0380050477365683,1.2888910586838755,0.8571473093191213,success,
11,11,mid_semester,6,Huber,,,1.0177510701993433,1.2648381428284077,0.8624293115179951,success,12.0
11,11,later_semester,8,OLS,,,0.9263953081142509,1.1435538381042747,0.8875474689705823,success,
11,11,later_semester,8,Ridge,0.0026826957952797246,1.9375417573368559,0.9287937808623301,1.1465473841442957,0.8869579515768549,success,
11,11,later_semester,8,Huber,,,0.9279009438656343,1.1449584388506062,0.8872710536283925,success,11.0
12,12,pre_semester,2,OLS,,,1.3889469472678524,1.669485510744104,0.5954756348572112,success,
12,12,pre_semester,2,Ridge,0.03727593720314938,8.638219283730534,1.3631183842336057,1.6287639800994513,0.6149690070303125,success,
12,12,pre_semester,2,Huber,,,1.379600952984848,1.657195603464997,0.6014095202706543,success,7.0
12,12,early_semester,4,OLS,,,1.2114350692402773,1.4631595050402573,0.6892846403022763,success,
12,12,early_semester,4,Ridge,0.03727593720314938,14.456558169793837,1.1762502738020062,1.4199472871231953,0.7073666485636562,success,
12,12,early_semester,4,Huber,,,1.218394555197639,1.4679180461647912,0.6872603140243438,success,13.0
12,12,mid_semester,6,OLS,,,1.101789172361029,1.381867113230334,0.7228518786450926,success,
12,12,mid_semester,6,Ridge,0.03727593720314938,20.879403090455344,1.0695522936621058,1.3458066221352567,0.7371277766152656,success,
12,12,mid_semester,6,Huber,,,1.1133086395137617,1.3900658890891573,0.7195534194231453,success,12.0
12,12,later_semester,8,OLS,,,1.021041406796851,1.2977337686980546,0.7555722061718778,success,
12,12,later_semester,8,Ridge,0.03727593720314938,26.527108839623775,0.9863874159939846,1.263152346246516,0.7684254425716827,success,
12,12,later_semester,8,Huber,,,1.0183862779224808,1.2852593460912625,0.7602487292081733,success,13.0
13,13,pre_semester,2,OLS,,,1.4661914142123917,1.8978665851752843,0.7032161790421028,success,
13,13,pre_semester,2,Ridge,0.00019306977288832496,0.04513887508676564,1.466238695008214,1.8979997616605004,0.7031745259425565,success,
13,13,pre_semester,2,Huber,,,1.4593018528359962,1.8848038155833735,0.7072875683398236,success,9.0
13,13,early_semester,4,OLS,,,1.2555113801402988,1.5081264643678538,0.8125936143528179,success,
13,13,early_semester,4,Ridge,0.0,0.0,1.255511380140299,1.5081264643678538,0.8125936143528177,success,
13,13,early_semester,4,Huber,,,1.2443940557685458,1.492309357496041,0.8165040059754942,success,8.0
13,13,mid_semester,6,OLS,,,1.1192272719266307,1.3591736219399817,0.8477845493530813,success,
13,13,mid_semester,6,Ridge,0.0,0.0,1.1192272719266312,1.359173621939982,0.8477845493530812,success,
13,13,mid_semester,6,Huber,,,1.1188464130734717,1.3566200731664233,0.8483559619314092,success,10.0
13,13,later_semester,8,OLS,,,1.0604750708553663,1.2826861926652204,0.8644343369086639,success,
13,13,later_semester,8,Ridge,0.03727593720314938,26.647565942364192,1.0939104011615592,1.322878585177084,0.8558054535836273,success,
13,13,later_semester,8,Huber,,,1.065799693444266,1.2854802127416014,0.8638430999885685,success,16.0
14,14,pre_semester,2,OLS,,,1.6014933840653578,1.9318328493495798,0.5003501775489169,success,
14,14,pre_semester,2,Ridge,0.03727593720314938,8.56813060182381,1.5836515012297354,1.915975814068131,0.508519049806592,success,
14,14,pre_semester,2,Huber,,,1.6124990309291976,1.9394467375403919,0.49640389954638464,success,9.0
14,14,early_semester,4,OLS,,,1.2575523355904819,1.562596848884717,0.6730957757960587,success,
14,14,early_semester,4,Ridge,0.0,0.0,1.2575523355904838,1.5625968488847188,0.6730957757960581,success,
14,14,early_semester,4,Huber,,,1.2509643872715421,1.558574653590864,0.6747765424789294,success,10.0
14,14,mid_semester,6,OLS,,,1.1292708566002236,1.4430109706131826,0.7212172422458907,success,
14,14,mid_semester,6,Ridge,0.0,0.0,1.1292708566002252,1.4430109706131828,0.7212172422458907,success,
14,14,mid_semester,6,Huber,,,1.13279279709036,1.4483859610747116,0.7191365298339703,success,10.0
14,14,later_semester,8,OLS,,,1.023859191190926,1.3075375599157735,0.7711056933996552,success,
14,14,later_semester,8,Ridge,0.03727593720314938,27.292280616475715,1.013057239579434,1.297179458649039,0.7747178564379859,success,
14,14,later_semester,8,Huber,,,1.015995081916911,1.3000359589189248,0.7737245828534853,success,11.0
15,15,pre_semester,2,OLS,,,1.4470433811968757,1.6727764847891553,0.6523822191931995,success,
15,15,pre_semester,2,Ridge,0.5179474679231202,116.90074291172778,1.4368881310456487,1.7017111996075254,0.6402524312897216,success,
15,15,pre_semester,2,Huber,,,1.4418880507088738,1.6719581440430364,0.6527222529201342,success,7.0
15,15,early_semester,4,OLS,,,1.2252113573495833,1.5176786997541334,0.7138552177033892,success,
15,15,early_semester,4,Ridge,0.03727593720314938,14.118534906792068,1.2095192412628863,1.4854284893139706,0.7258869882137361,success,
15,15,early_semester,4,Huber,,,1.2067702676891061,1.5092234947715908,0.7170346434173392,success,9.0
15,15,mid_semester,6,OLS,,,0.9691956988580953,1.2228612630457705,0.8142278834575922,success,
15,15,mid_semester,6,Ridge,0.03727593720314938,20.477579054581515,0.9631300675853378,1.208899996897736,0.8184455466446972,success,
15,15,mid_semester,6,Huber,,,0.9520614687586573,1.2130693359492006,0.8171910716571614,success,11.0
15,15,later_semester,8,OLS,,,0.9291236242036586,1.1825491258544913,0.8262741136800167,success,
15,15,later_semester,8,Ridge,0.03727593720314938,26.77738886006274,0.9243906334286889,1.1632304880887312,0.8319038734116049,success,
15,15,later_semester,8,Huber,,,0.911919827014771,1.17357426269261,0.8289010649662419,success,11.0
16,16,pre_semester,2,OLS,,,1.3957066030357232,1.9469264043723429,0.3143297049232203,success,
16,16,pre_semester,2,Ridge,0.0,0.0,1.3957066030357226,1.9469264043723424,0.31432970492322054,success,
16,16,pre_semester,2,Huber,,,1.4001726757610007,1.9530948736211806,0.30997798791489817,success,8.0
16,16,early_semester,4,OLS,,,1.052590353226905,1.3107238891074195,0.6892302812226743,success,
16,16,early_semester,4,Ridge,0.03727593720314938,14.055116379220904,1.053794868239499,1.3173183677943097,0.686095342343096,success,
16,16,early_semester,4,Huber,,,1.0525508377343813,1.3202946241472295,0.6846753118388813,success,8.0
16,16,mid_semester,6,OLS,,,1.000285551568814,1.3504733231311983,0.6700954659416898,success,
16,16,mid_semester,6,Ridge,0.03727593720314938,20.43611405769866,1.0009462425099935,1.3404853083393176,0.6749573261010637,success,
16,16,mid_semester,6,Huber,,,1.0020330630729843,1.3480979359886498,0.6712550027969602,success,11.0
16,16,later_semester,8,OLS,,,0.9629671360601951,1.2904322123385332,0.6987780219421043,success,
16,16,later_semester,8,Ridge,0.03727593720314938,26.464507679309015,0.9487716982045803,1.2676490676788634,0.7093205380250694,success,
16,16,later_semester,8,Huber,,,0.9828086013735132,1.294171046383694,0.6970300021680471,success,14.0
17,17,pre_semester,2,OLS,,,1.1314735353784802,1.4171248022614837,0.7417241394583796,success,
17,17,pre_semester,2,Ridge,0.0,0.0,1.1314735353784815,1.417124802261485,0.7417241394583791,success,
17,17,pre_semester,2,Huber,,,1.1267085697499832,1.4107467733569476,0.7440437431157594,success,6.0
17,17,early_semester,4,OLS,,,1.0558586400069943,1.3294579759788518,0.7726908871941078,success,
17,17,early_semester,4,Ridge,0.0026826957952797246,0.9875424123077845,1.0555714014918305,1.328553253741797,0.7730001585479644,success,
17,17,early_semester,4,Huber,,,1.0834355276609062,1.3701774289265216,0.7585533204242052,success,10.0
17,17,mid_semester,6,OLS,,,0.8715200440255564,1.091311105300991,0.8468331543674645,success,
17,17,mid_semester,6,Ridge,0.0,0.0,0.8715200440255574,1.0913111053009914,0.8468331543674643,success,
17,17,mid_semester,6,Huber,,,0.8733806765228996,1.0988253795244731,0.8447166174930012,success,11.0
17,17,later_semester,8,OLS,,,0.9005664416436621,1.1153550554374705,0.8400096091641516,success,
17,17,later_semester,8,Ridge,0.0,0.0,0.9005664416436646,1.1153550554374718,0.8400096091641512,success,
17,17,later_semester,8,Huber,,,0.8994681981815091,1.1097468744454873,0.8416144780253783,success,11.0
18,18,pre_semester,2,OLS,,,1.699358224879794,1.9939850132688788,0.6238711124147538,success,
18,18,pre_semester,2,Ridge,0.03727593720314938,8.48211154224101,1.6962026523704559,1.9840025350401271,0.6276277102243085,success,
18,18,pre_semester,2,Huber,,,1.6933148880335491,1.98577587977058,0.6269617437839418,success,9.0
18,18,early_semester,4,OLS,,,1.3869025551342231,1.6024006435917741,0.7570957400790306,success,
18,18,early_semester,4,Ridge,0.03727593720314938,14.649059902209107,1.3617499614223678,1.5868776559506834,0.7617791334773543,success,
18,18,early_semester,4,Huber,,,1.3651665290894588,1.5781415001026147,0.7643948436763108,success,10.0
18,18,mid_semester,6,OLS,,,1.2271173389900507,1.4606296647354704,0.798175844790877,success,
18,18,mid_semester,6,Ridge,0.03727593720314938,21.027239244553968,1.2041569389414006,1.4368288832065763,0.8046996556192549,success,
18,18,mid_semester,6,Huber,,,1.22695687647573,1.4655124734185052,0.7968242141255637,success,11.0
18,18,later_semester,8,OLS,,,1.0946774550761715,1.347605881908314,0.8282017618728919,success,
18,18,later_semester,8,Ridge,0.03727593720314938,27.81333119926222,1.1043740753627722,1.3412042324894136,0.829830101266472,success,
18,18,later_semester,8,Huber,,,1.0756374843811154,1.3505457108696737,0.8274513817518911,success,12.0
19,19,pre_semester,2,OLS,,,1.4549304826635614,1.7210785251064191,0.6517599322545711,success,
19,19,pre_semester,2,Ridge,0.0,0.0,1.454930482663561,1.7210785251064187,0.6517599322545713,success,
19,19,pre_semester,2,Huber,,,1.4625618957245645,1.728343819079202,0.6488136324891712,success,12.0
19,19,early_semester,4,OLS,,,1.437671616526835,1.6960399484049644,0.6618187523711339,success,
19,19,early_semester,4,Ridge,0.0,0.0,1.4376716165268348,1.6960399484049646,0.6618187523711337,success,
19,19,early_semester,4,Huber,,,1.445606163351717,1.7034306927488154,0.6588649812386784,success,11.0
19,19,mid_semester,6,OLS,,,1.140685948474019,1.4274433937870499,0.7604505614540231,success,
19,19,mid_semester,6,Ridge,0.03727593720314938,20.939066460496875,1.149285473199028,1.4163282800985606,0.7641666495439032,success,
19,19,mid_semester,6,Huber,,,1.1438112980256352,1.4376042959613582,0.7570280769319373,success,9.0
19,19,later_semester,8,OLS,,,1.011297222434187,1.3001030774176219,0.8012839527515846,success,
19,19,later_semester,8,Ridge,0.03727593720314938,27.71087017999459,1.0025161930775317,1.2664924643564708,0.8114256638979556,success,
19,19,later_semester,8,Huber,,,1.0160548965109215,1.306052803104838,0.799461002996515,success,12.0
