checkpoint,model,mean_test_rmse,median_test_rmse,std_test_rmse,mean_test_mae,mean_test_r2,n_successful,n_attempted,success_rate
early_semester,Huber,1.5683993856156504,1.5111149289833745,0.21381775794106248,1.2852535313585145,0.7148015117175485,20,20,1.0
early_semester,OLS,1.5689671707871857,1.5150193025681715,0.21375727587870796,1.2860779649724712,0.7147486105682025,20,20,1.0
early_semester,Ridge,1.5586700907709656,1.500481886647894,0.21217593664502798,1.2774372515993269,0.7186069210533861,20,20,1.0
later_semester,Huber,1.29796385405966,1.2971035026513094,0.11717559564400315,1.041838619660402,0.8039462865922575,20,20,1.0
later_semester,OLS,1.3015038842014717,1.2989184230578381,0.11744078221717325,1.0453026666710585,0.8028220733958777,20,20,1.0
later_semester,Ridge,1.2968681648867695,1.292112496941018,0.11885932003879696,1.0437075800130653,0.804796199206914,20,20,1.0
mid_semester,Huber,1.385090121714662,1.3800648223508456,0.16007604051901053,1.1164342914631993,0.7771661398187453,20,20,1.0
mid_semester,OLS,1.3842515734923915,1.3837782606565874,0.15791052013717968,1.1169060982362233,0.7774974243033418,20,20,1.0
mid_semester,Ridge,1.3792056893754232,1.3789926874864846,0.15758396280087372,1.1141138010587122,0.7795633440412997,20,20,1.0
pre_semester,Huber,1.8397149746279038,1.8030187202596735,0.23705903548531473,1.4764035674583706,0.6054217529865804,20,20,1.0
pre_semester,OLS,1.839637908184167,1.8022994528113303,0.2383999619181145,1.4769153163558155,0.6057534843219405,20,20,1.0
pre_semester,Ridge,1.841546765137349,1.8114478425563456,0.24989868050756883,1.4747179534618717,0.6051680301455284,20,20,1.0
