regime,selection_method,selected_alpha,selected_lambda,validation_rmse,test_rmse,coefficient_relative_error,effective_df,regularized_system_condition_number
moderate,validation,0.0006951927961775591,0.12428357206054547,0.316966838295758,0.29018803429886264,0.02438477224195587,3.9950575274457623,4.408948084597638
moderate,GCV,0.0001274274985703132,0.02278093902603331,0.3170703949422856,0.2903430276258083,0.025719885191179948,3.9990923637255484,4.4174969830005955
moderate,oracle_coefficient,0.003792690190732238,0.6780408071184929,0.31703485554868066,0.2897510021119412,0.01792890596805413,3.9733064891077996,4.363051784564625
strong,validation,2.6366508987303555e-08,5.797167042006492e-06,0.31705124187865463,0.2904639371988393,16.542429636167018,3.9170898936162066,3144520.443399687
strong,GCV,1.438449888287663e-07,3.16269942599328e-05,0.3170836844718892,0.2908578508940511,11.954573853648386,3.669695005670924,2296253.7448414806
strong,oracle_coefficient,2.3357214690901213e-05,0.005135517760973408,0.31844121831751776,0.2929596651328587,0.2367666610110388,3.012259719300022,42286.32099361454
very_strong,validation,0.0,0.0,0.3170987016943741,0.29038107699159227,18079.004786363355,4.0,3429719033946.0884
very_strong,GCV,1e-12,2.1986912529048755e-10,0.31775052115368063,0.29204622395168744,4080.9384705249586,3.2257479520310333,774252047966.6292
very_strong,oracle_coefficient,2.6366508987303555e-08,5.797181268002211e-06,0.3183956387418675,0.2929129079781534,0.2654679968896704,3.000010976150778,37926483.504448615
