regime,seed,delta,condition_number,alpha,lambda,effective_df,regularized_system_condition_number,coefficient_relative_error,training_fitted_rmse,validation_rmse,residual_norm
moderate,1729,1.0,2.1022420332513563,0.0,0.0,4.0,4.419421566368795,0.026024287138124946,0.2805004626385231,0.31709870169625803,2.9150463170189855
moderate,1729,1.0,2.1022420332513563,1e-12,1.787756903464837e-10,3.999999999992874,4.419421566353684,0.026024287135729636,0.2805004626385231,0.31709870169602866,2.9150463170189855
moderate,1729,1.0,2.1022420332513563,5.455594781168514e-12,9.75327723254075e-10,3.999999999961125,4.419421566286351,0.02602428712505688,0.2805004626385231,0.3170987016950062,2.915046317018985
moderate,1729,1.0,2.1022420332513563,2.976351441631313e-11,5.3209928369139e-09,3.9999999997879128,4.419421565919013,0.026024287066831128,0.2805004626385231,0.3170987016894287,2.915046317018986
moderate,1729,1.0,2.1022420332513563,1.6237767391887175e-10,2.902918075170252e-08,3.999999998842937,4.419421563914965,0.02602428674917552,0.28050046263852313,0.31709870165899934,2.915046317018986
moderate,1729,1.0,2.1022420332513563,8.858667904100832e-10,1.5837144701058642e-07,3.999999993687533,4.419421552981695,0.02602428501617479,0.2805004626385232,0.31709870149298913,2.9150463170189864
moderate,1729,1.0,2.1022420332513563,4.832930238571752e-09,8.640104397970613e-07,3.9999999655617384,4.419421493334205,0.026024275561625773,0.28050046263852446,0.31709870058730605,2.915046317019
moderate,1729,1.0,2.1022420332513563,2.6366508987303555e-08,4.71369084623196e-06,3.999999812118814,4.419421167921706,0.026024223981465415,0.28050046263856526,0.3170986956462978,2.9150463170194243
moderate,1729,1.0,2.1022420332513563,1.438449888287663e-07,2.5715987180744932e-05,3.999998974996779,4.419419392604065,0.02602394258183971,0.2805004626397809,0.317098668691097,2.9150463170320573
moderate,1729,1.0,2.1022420332513563,7.847599703514607e-07,0.0001402960054558685,3.9999944080095684,4.41940970722287,0.026022407404141017,0.2805004626759605,0.31709852166237973,2.9150463174080468
moderate,1729,1.0,2.1022420332513563,4.281332398719387e-06,0.0007653981551838255,3.999969492717117,4.419356868673935,0.026014032830026727,0.280500463752766,0.317097720364704,2.9150463285985375
moderate,1729,1.0,2.1022420332513563,2.3357214690901213e-05,0.0041757021809368956,3.9998335750707623,4.4190686317157315,0.025968366407875875,0.28050049579778663,0.31709337355188144,2.9150466616201602
moderate,1729,1.0,2.1022420332513563,0.0001274274985703132,0.02278093902603331,3.9990923637255484,4.4174969830005955,0.025719885191179948,0.28050144883961686,0.3170703949422856,2.9150565659213905
moderate,1729,1.0,2.1022420332513563,0.0006951927961775591,0.12428357206054547,3.9950575274457623,4.408948084597638,0.02438477224195587,0.280529695368134,0.316966838295758,2.915350112456566
moderate,1729,1.0,2.1022420332513563,0.003792690190732238,0.6780408071184929,3.9733064891077996,4.363051784564625,0.01792890596805413,0.28135045126610225,0.31703485554868066,2.9238796579519235
moderate,1729,1.0,2.1022420332513563,0.0206913808111479,3.6991158887349522,3.861843238988822,4.132933775144812,0.03432035745703777,0.3022682239321063,0.33339868446093185,3.1412635281840893
moderate,1729,1.0,2.1022420332513563,0.11288378916846883,20.180877337519938,3.4042228966590145,3.281316159824766,0.20006217617004313,0.5553075183855682,0.5760135367549247,5.770925014012756
moderate,1729,1.0,2.1022420332513563,0.6158482110660254,110.09868908197569,2.375169900209845,1.9187812347385285,0.5317594054803177,1.3362813783848086,1.346002484813291,13.88704344342396
moderate,1729,1.0,2.1022420332513563,3.359818286283774,600.6538335691216,1.4409880849551846,1.2157574295404079,0.8008658603820131,2.138760469024715,2.0705821415836843,22.22665078542389
moderate,1729,1.0,2.1022420332513563,18.3298071083243,3276.9239197085612,1.0949097286909264,1.0416966298846362,0.8969374487590452,2.4606680344452276,2.3397045742904115,25.57201233731867
moderate,1729,1.0,2.1022420332513563,100.0,17877.56903464837,1.0179850053788897,1.0077197925623773,0.9181490406587294,2.5341384460634946,2.399666180661813,26.335539251973692
strong,1729,0.001,1851.7025829099687,0.0,0.0,4.0,3428802.4555561054,18.079971138360555,0.28050046263852324,0.31709870169626125,2.9150463170189873
strong,1729,0.001,1851.7025829099687,1e-12,2.1986858574254338e-10,3.99999657120619,3428790.6989135663,18.079907552463688,0.2805004626385555,0.3170986991282389,2.9150463170193226
strong,1729,0.001,1851.7025829099687,5.455594781168514e-12,1.1995139089199217e-09,3.9999812941761568,3428738.3170582876,18.079624244773054,0.2805004626394757,0.31709868768698735,2.9150463170288856
strong,1729,0.001,1851.7025829099687,2.976351441631313e-11,6.544061821442569e-09,3.9998979571098707,3428452.5710634347,18.078078785234155,0.2805004626668586,0.31709862529181,2.915046317313456
strong,1729,0.001,1851.7025829099687,1.6237767391887175e-10,3.5701749520706206e-08,3.999443548337993,3426894.4950198047,18.069651918273163,0.28050046348109975,0.3170982855922816,2.915046325775299
strong,1729,0.001,1851.7025829099687,8.858667904100832e-10,1.947742783637511e-07,3.996971733254889,3418419.13958358,18.023812889499148,0.2805004875926543,0.3170964531517427,2.9150465763499245
strong,1729,0.001,1851.7025829099687,4.832930238571752e-09,1.062609536547144e-06,3.9836989490178545,3372909.439781832,17.77767331028198,0.28050118571602817,0.31708705849797714,2.9150538314608454
strong,1729,0.001,1851.7025829099687,2.6366508987303555e-08,5.797167042006492e-06,3.9170898936162066,3144520.443399687,16.542429636167018,0.2805191675047093,0.31705124187865463,2.9152407036904853
strong,1729,0.001,1851.7025829099687,1.438449888287663e-07,3.16269942599328e-05,3.669695005670924,2296253.7448414806,11.954573853648386,0.280797187856657,0.3170836844718892,2.9181299759411554
strong,1729,0.001,1851.7025829099687,7.847599703514607e-07,0.00017254406482853594,3.2709424877475537,929017.3686073155,4.559884037545771,0.2819431103585973,0.31768430115351914,2.9300387519105375
strong,1729,0.001,1851.7025829099687,4.281332398719387e-06,0.0009413304996001624,3.0637628275390987,218676.75118064808,0.7181987977090052,0.2828755507359176,0.31826340643104434,2.9397289565618214
strong,1729,0.001,1851.7025829099687,2.3357214690901213e-05,0.005135517760973408,3.012259719300022,42286.32099361454,0.2367666610110388,0.2831424983185438,0.31844121831751776,2.9425031572182205
strong,1729,0.001,1851.7025829099687,0.0001274274985703132,0.028017303895364734,3.001887106478058,7830.677404847047,0.4227990956104888,0.28319672309334143,0.3185104449558555,2.9430666776080905
strong,1729,0.001,1851.7025829099687,0.0006951927961775591,0.15285105691396414,2.9982589175212686,1438.8462640559928,0.45731714953557234,0.28322002308500255,0.3187157585377013,2.9433088182243283
strong,1729,0.001,1851.7025829099687,0.003792690190732238,0.8338934283959144,2.9883540592777362,264.6447394504282,0.46357496568778106,0.2836114116319849,0.3201242054277723,2.9473762473175724
strong,1729,0.001,1851.7025829099687,0.0206913808111479,4.549384636007489,2.9378820847069766,49.32860709422745,0.4651149229625571,0.2942374011463128,0.33624146772787933,3.0578047696346333
strong,1729,0.001,1851.7025829099687,0.11288378916846883,24.81959907773068,2.70609582292579,9.858642433272335,0.48376845529509177,0.4661653817141677,0.528443215627859,4.844532755152069
strong,1729,0.001,1851.7025829099687,0.6158482110660254,135.40567519916237,2.0535897099819054,2.623775496648311,0.6288179012486627,1.1617457082996916,1.241108730460264,12.07321555350095
strong,1729,0.001,1851.7025829099687,3.359818286283774,738.7184949571492,1.3529141837807774,1.2976350315227008,0.8261744646775016,1.872951247457449,1.9027123233528973,19.464280324174865
strong,1729,0.001,1851.7025829099687,18.3298071083243,4030.1487658408823,1.0769208887476511,1.0545559310325623,0.9016780257398518,2.1385449946623782,2.1295275362212194,22.224411510164117
strong,1729,0.001,1851.7025829099687,100.0,21986.85857425434,1.0146147405881265,1.0099999970543654,0.9183665297314042,2.1977380937043494,2.1786058543615723,22.839564240153017
very_strong,1729,1e-06,1851950.0624244837,0.0,0.0,4.0,3429719033946.0884,18079.004786363355,0.280500462639011,0.3170987016943741,2.9150463170240566
very_strong,1729,1e-06,1851950.0624244837,1e-12,2.1986912529048755e-10,3.2257479520310333,774252047966.6292,4080.9384705249586,0.2820464245787724,0.31775052115368063,2.931112424781463
very_strong,1729,1e-06,1851950.0624244837,5.455594781168514e-12,1.19951685247487e-09,3.0507326884134485,173998867154.02914,916.7553436745792,0.2828211329669199,0.31823289078083317,2.939163430517391
very_strong,1729,1e-06,1851950.0624244837,2.976351441631313e-11,6.544077880285583e-09,3.0097011565614147,33272241628.585274,174.92701561716234,0.2830251735895152,0.3183637445722258,2.9412838828682486
very_strong,1729,1e-06,1851950.0624244837,1.6237767391887175e-10,3.570183713124635e-08,3.0017924039334813,6147443620.987594,31.940975218040986,0.28306547699896034,0.31838974043252816,2.9417027281855126
very_strong,1729,1e-06,1851950.0624244837,8.858667904100832e-10,1.9477475633135665e-07,3.0003290231678132,1128466475.7538204,5.48389367845338,0.28307296896693906,0.3183945781595848,2.9417805870006397
very_strong,1729,1e-06,1851950.0624244837,4.832930238571752e-09,1.0626121441447185e-06,3.0000603109902975,206901326.82327613,0.626183186225273,0.28307434578414975,0.31839546862347967,2.9417948953048096
very_strong,1729,1e-06,1851950.0624244837,2.6366508987303555e-08,5.797181268002211e-06,3.000010976150778,37926483.504448615,0.2654679968896704,0.2830745982717955,0.3183956387418675,2.941797519233394
very_strong,1729,1e-06,1851950.0624244837,1.438449888287663e-07,3.16270718712008e-05,3.000001579393958,6951914.870472236,0.42850297015267863,0.28307464455688325,0.31839570710698734,2.941798000242135
very_strong,1729,1e-06,1851950.0624244837,7.847599703514607e-07,0.00017254448824416461,2.9999979297859936,1274275.5122598596,0.4584061593616391,0.2830746530578417,0.318395922491113,2.9417980885866863
very_strong,1729,1e-06,1851950.0624244837,4.281332398719387e-06,0.0009413328095842564,2.9999867469689523,233573.1310021184,0.4638875926965438,0.2830746551177416,0.3183970690726176,2.941798109993795
very_strong,1729,1e-06,1851950.0624244837,2.3357214690901213e-05,0.005135530363310575,2.9999273402087425,42814.32345274098,0.4648915909169202,0.28307467042607576,0.3184033316118502,2.9417982690826703
very_strong,1729,1e-06,1851950.0624244837,0.0001274274985703132,0.028017372648609616,2.999603604171713,7848.599685556104,0.4650715686110377,0.28307511743187314,0.3184378698100764,2.941802914503184
very_strong,1729,1e-06,1851950.0624244837,0.0006951927961775591,0.1528514320038081,2.997839563974261,1439.4498876839498,0.46508350004030924,0.2830883889353337,0.3186373654335234,2.941940836012903
very_strong,1729,1e-06,1851950.0624244837,0.003792690190732238,0.8338954747341096,2.988277112806972,264.66508985268996,0.46500178645520623,0.2834781259850168,0.3200484064370657,2.945991102242762
very_strong,1729,1e-06,1851950.0624244837,0.0206913808111479,4.549395799999468,2.9378677082819546,49.329302385022395,0.465378574210397,0.2941088907932608,0.33618643751231614,3.0564692508699247
very_strong,1729,1e-06,1851950.0624244837,0.11288378916846883,24.819659983947055,2.7060921482942666,9.858667904075364,0.483816387053576,0.46608849150371284,0.528460214693963,4.843733688645394
very_strong,1729,1e-06,1851950.0624244837,0.6158482110660254,135.40600747879856,2.0535875114327258,2.6237767391874818,0.6288240090889575,1.1617368805063135,1.2411883268811463,12.073123812381052
very_strong,1729,1e-06,1851950.0624244837,3.359818286283774,738.7203077401983,1.3529133368774686,1.2976351441630196,0.8261743604109898,1.8729925882571243,1.9028410010363543,19.464709950367645
very_strong,1729,1e-06,1851950.0624244837,18.3298071083243,4030.1586556506245,1.07692070048607,1.0545559478116686,0.9016777016549643,2.138610074414283,2.1296811296262295,22.225087838785175
very_strong,1729,1e-06,1851950.0624244837,100.0,21986.912529048754,1.0146147047392065,1.009999999999997,0.918366271251155,2.197808966628694,2.1787656404913376,22.840300773188094
