alpha,lambda,condition_number,regularized_system_condition_number,relative_response_perturbation,relative_solution_perturbation,amplification_ratio,coefficient_relative_error,fitted_rmse
0.0,0.0,1851950.0624244837,3429719033946.0884,1.0000000000021516e-06,9.034401754987145e-06,9.034401754967705,18079.004786363355,0.280500462639011
1e-12,2.1986912529048755e-10,1851950.0624244837,774252047966.6292,1.0000000000021516e-06,9.03440155167489e-06,9.034401551655451,4080.9384705249586,0.2820464245787724
5.455594781168514e-12,1.19951685247487e-09,1851950.0624244837,173998867154.02914,1.0000000000021516e-06,9.034397521972505e-06,9.034397521953066,916.7553436745792,0.2828211329669199
2.976351441631313e-11,6.544077880285583e-09,1851950.0624244837,33272241628.585274,1.0000000000021516e-06,9.034285712288796e-06,9.034285712269357,174.92701561716234,0.2830251735895152
1.6237767391887175e-10,3.570183713124635e-08,1851950.0624244837,6147443620.987594,1.0000000000021516e-06,9.03100402945012e-06,9.03100402943069,31.940975218040986,0.28306547699896034
8.858667904100832e-10,1.9477475633135665e-07,1851950.0624244837,1128466475.7538204,1.0000000000021516e-06,8.935172000148141e-06,8.935172000128917,5.48389367845338,0.28307296896693906
4.832930238571752e-09,1.0626121441447185e-06,1851950.0624244837,206901326.82327613,1.0000000000021516e-06,7.002971602474035e-06,7.002971602458968,0.626183186225273,0.28307434578414975
2.6366508987303555e-08,5.797181268002211e-06,1851950.0624244837,37926483.504448615,1.0000000000021516e-06,1.9858308465385304e-06,1.9858308465342576,0.2654679968896704,0.2830745982717955
1.438449888287663e-07,3.16270718712008e-05,1851950.0624244837,6951914.870472236,1.0000000000021516e-06,3.9269893628646037e-07,0.3926989362856154,0.42850297015267863,0.28307464455688325
7.847599703514607e-07,0.00017254448824416461,1851950.0624244837,1274275.5122598596,1.0000000000021516e-06,1.430593052222279e-07,0.14305930522192006,0.4584061593616391,0.2830746530578417
4.281332398719387e-06,0.0009413328095842564,1851950.0624244837,233573.1310021184,1.0000000000021516e-06,1.263513105638213e-07,0.12635131056354942,0.4638875926965438,0.2830746551177416
2.3357214690901213e-05,0.005135530363310575,1851950.0624244837,42814.32345274098,1.0000000000021516e-06,1.2575085497083168e-07,0.1257508549705611,0.4648915909169202,0.28307467042607576
0.0001274274985703132,0.028017372648609616,1851950.0624244837,7848.599685556104,1.0000000000021516e-06,1.2572780490249516e-07,0.12572780490222463,0.4650715686110377,0.28307511743187314
0.0006951927961775591,0.1528514320038081,1851950.0624244837,1439.4498876839498,1.0000000000021516e-06,1.2571162486916533e-07,0.12571162486889484,0.46508350004030924,0.2830883889353337
0.003792690190732238,0.8338954747341096,1851950.0624244837,264.66508985268996,1.0000000000021516e-06,1.2562727245056406e-07,0.12562727245029376,0.46500178645520623,0.2834781259850168
0.0206913808111479,4.549395799999468,1851950.0624244837,49.329302385022395,1.0000000000021516e-06,1.2517421281079935e-07,0.12517421281053,0.465378574210397,0.2941088907932608
0.11288378916846883,24.819659983947055,1851950.0624244837,9.858667904075364,1.0000000000021516e-06,1.2290894712259735e-07,0.1229089471223329,0.483816387053576,0.46608849150371284
0.6158482110660254,135.40600747879856,1851950.0624244837,2.6237767391874818,1.0000000000021516e-06,1.1542765461949604e-07,0.11542765461924769,0.6288240090889575,1.1617368805063135
3.359818286283774,738.7203077401983,1851950.0624244837,1.2976351441630196,1.0000000000021516e-06,1.1003177852364546e-07,0.11003177852340872,0.8261743604109898,1.8729925882571243
18.3298071083243,4030.1586556506245,1851950.0624244837,1.0545559478116686,1.0000000000021516e-06,1.0970260169754861e-07,0.10970260169731257,0.9016777016549643,2.138610074414283
100.0,21986.912529048754,1851950.0624244837,1.009999999999997,1.0000000000021516e-06,1.0966712927832753e-07,0.10966712927809157,0.918366271251155,2.197808966628694
