condition_regime,condition_number,solver,perturbation_magnitude,relative_data_perturbation,relative_solution_perturbation,amplification_ratio,residual_norm,rmse,status
delta=1,3.496515409146787,normal_equations,0.0,0.0,0.0,,2.9546797772060604e-14,3.3034324167883422e-15,success
delta=1,3.496515409146787,normal_equations,1e-08,1.0000000004093613e-08,2.2589042436207556e-09,0.22589042426960476,2.478662752048682e-07,2.771229203438779e-08,success
delta=1,3.496515409146787,normal_equations,1e-06,1.0000000000014937e-06,2.2589043353268748e-07,0.22589043353235008,2.478662753163895e-05,2.7712292046856256e-06,success
delta=1,3.496515409146787,normal_equations,0.0001,0.00010000000000000324,2.2589043387409588e-05,0.22589043387408855,0.002478662753234979,0.00027712292047651,success
delta=1,3.496515409146787,normal_equations,0.01,0.010000000000000002,0.0022589043387320116,0.22589043387320112,0.24786627532351774,0.027712292047653218,success
delta=1,3.496515409146787,qr,0.0,0.0,0.0,,5.981890001892135e-15,6.687956339078579e-16,success
delta=1,3.496515409146787,qr,1e-08,1.0000000004093613e-08,2.2589043417192143e-09,0.22589043407945064,2.4786627554273297e-07,2.7712292072162225e-08,success
delta=1,3.496515409146787,qr,1e-06,1.0000000000014937e-06,2.2589043369033733e-07,0.22589043368999992,2.4786627532137375e-05,2.771229204741351e-06,success
delta=1,3.496515409146787,qr,0.0001,0.00010000000000000324,2.2589043387271606e-05,0.22589043387270874,0.0024786627532346517,0.0002771229204764734,success
delta=1,3.496515409146787,qr,0.01,0.010000000000000002,0.0022589043387322995,0.2258904338732299,0.2478662753235183,0.027712292047653277,success
delta=1,3.496515409146787,svd,0.0,0.0,0.0,,1.1268934607366153e-14,1.2599051908035308e-15,success
delta=1,3.496515409146787,svd,1e-08,1.0000000004093613e-08,2.258904371732765e-09,0.2258904370808057,2.478662750782394e-07,2.7712292020230268e-08,success
delta=1,3.496515409146787,svd,1e-06,1.0000000000014937e-06,2.2589043382329715e-07,0.22589043382295973,2.478662753234945e-05,2.771229204765062e-06,success
delta=1,3.496515409146787,svd,0.0001,0.00010000000000000324,2.258904338732519e-05,0.22589043387324456,0.002478662753235172,0.00027712292047653157,success
delta=1,3.496515409146787,svd,0.01,0.010000000000000002,0.0022589043387318225,0.2258904338731822,0.2478662753235183,0.02771229204765328,success
delta=1,3.496515409146787,lstsq,0.0,0.0,0.0,,1.3926109405283592e-14,1.5569863646156642e-15,success
delta=1,3.496515409146787,lstsq,1e-08,1.0000000004093613e-08,2.2589043884153093e-09,0.22589043874906015,2.4786627480710825e-07,2.7712291989916877e-08,success
delta=1,3.496515409146787,lstsq,1e-06,1.0000000000014937e-06,2.2589043352618372e-07,0.2258904335258463,2.478662753171302e-05,2.7712292046939066e-06,success
delta=1,3.496515409146787,lstsq,0.0001,0.00010000000000000324,2.2589043387435558e-05,0.22589043387434826,0.002478662753235156,0.0002771229204765298,success
delta=1,3.496515409146787,lstsq,0.01,0.010000000000000002,0.0022589043387319266,0.2258904338731926,0.24786627532351793,0.02771229204765324,success
delta=0.001,2377.9541559636023,normal_equations,0.0,0.0,0.0,,1.4894311967075683e-11,1.6652347018234918e-12,success
delta=0.001,2377.9541559636023,normal_equations,1e-08,9.999999999599139e-09,9.83221501853653e-07,98.32215018930667,2.2071335948949203e-07,2.4676503768042622e-08,success
delta=0.001,2377.9541559636023,normal_equations,1e-06,9.999999999928423e-07,9.832309267432431e-05,98.32309267502808,2.207133588845221e-05,2.467650370040493e-06,success
delta=0.001,2377.9541559636023,normal_equations,0.0001,0.00010000000000000067,0.009832308759336878,98.32308759336811,0.0022071335888595458,0.00024676503700565085,success
delta=0.001,2377.9541559636023,normal_equations,0.01,0.009999999999999997,0.9832308618865422,98.32308618865424,0.22071335888591834,0.02467650370056103,success
delta=0.001,2377.9541559636023,qr,0.0,0.0,0.0,,8.961913909027148e-15,1.0019724354542785e-15,success
delta=0.001,2377.9541559636023,qr,1e-08,9.999999999599139e-09,9.832308827370326e-07,98.32308827764464,2.2071335875363258e-07,2.4676503685771036e-08,success
delta=0.001,2377.9541559636023,qr,1e-06,9.999999999928423e-07,9.832308601453542e-05,98.32308601523918,2.2071335888549914e-05,2.4676503700514165e-06,success
delta=0.001,2377.9541559636023,qr,0.0001,0.00010000000000000067,0.009832308600241459,98.32308600241393,0.002207133588858961,0.0002467650370055855,success
delta=0.001,2377.9541559636023,qr,0.01,0.009999999999999997,0.9832308600222914,98.32308600222918,0.22071335888591948,0.02467650370056116,success
delta=0.001,2377.9541559636023,svd,0.0,0.0,0.0,,1.852850470703937e-14,2.071549802318243e-15,success
delta=0.001,2377.9541559636023,svd,1e-08,9.999999999599139e-09,9.832308561196562e-07,98.32308561590702,2.2071335880742717e-07,2.4676503691785457e-08,success
delta=0.001,2377.9541559636023,svd,1e-06,9.999999999928423e-07,9.832308600391174e-05,98.3230860046155,2.2071335888254763e-05,2.4676503700184177e-06,success
delta=0.001,2377.9541559636023,svd,0.0001,0.00010000000000000067,0.00983230860025242,98.32308600252355,0.0022071335888592418,0.0002467650370056168,success
delta=0.001,2377.9541559636023,svd,0.01,0.009999999999999997,0.9832308600222945,98.32308600222949,0.22071335888591995,0.024676503700561216,success
delta=0.001,2377.9541559636023,lstsq,0.0,0.0,0.0,,9.610325471547713e-15,1.0744670520139203e-15,success
delta=0.001,2377.9541559636023,lstsq,1e-08,9.999999999599139e-09,9.832308441301073e-07,98.32308441695211,2.207133584806311e-07,2.4676503655248545e-08,success
delta=0.001,2377.9541559636023,lstsq,1e-06,9.999999999928423e-07,9.832308599362092e-05,98.32308599432469,2.2071335888675037e-05,2.467650370065406e-06,success
delta=0.001,2377.9541559636023,lstsq,0.0001,0.00010000000000000067,0.009832308600221678,98.32308600221612,0.002207133588859466,0.00024676503700564196,success
delta=0.001,2377.9541559636023,lstsq,0.01,0.009999999999999997,0.9832308600222615,98.32308600222618,0.22071335888591917,0.02467650370056113,success
delta=1e-06,2377448.9839033303,normal_equations,0.0,0.0,0.0,,8.633809040900455e-09,9.65289196010284e-10,success
delta=1e-06,2377448.9839033303,normal_equations,1e-08,1.000000000811631e-08,0.0009474832652269377,94748.32644579309,2.2085391568689635e-07,2.4692218428645368e-08,success
delta=1e-06,2377448.9839033303,normal_equations,1e-06,1.0000000000000008e-06,0.09844210474246017,98442.10474246008,2.2070583742362218e-05,2.467566277551181e-06,success
delta=1e-06,2377448.9839033303,normal_equations,0.0001,0.00010000000000000137,9.854823395782839,98548.23395782703,0.0022070582016345246,0.00024675660845766174,success
delta=1e-06,2377448.9839033303,normal_equations,0.01,0.010000000000000005,985.4940637811612,98549.40637811607,0.22070582010379206,0.024675660839095937,success
delta=1e-06,2377448.9839033303,qr,0.0,0.0,0.0,,7.516996995101567e-15,8.404258133854379e-16,success
delta=1e-06,2377448.9839033303,qr,1e-08,1.000000000811631e-08,0.0009844735676543016,98447.35668552724,2.2070581964909034e-07,2.467566078825874e-08,success
delta=1e-06,2377448.9839033303,qr,1e-06,1.0000000000000008e-06,0.09844735607692612,98447.35607692604,2.2070581927125438e-05,2.4675660746015394e-06,success
delta=1e-06,2377448.9839033303,qr,0.0001,0.00010000000000000137,9.844735608384983,98447.35608384848,0.0022070581927102462,0.00024675660745989705,success
delta=1e-06,2377448.9839033303,qr,0.01,0.010000000000000005,984.4735608365454,98447.3560836545,0.2207058192710992,0.024675660745998043,success
delta=1e-06,2377448.9839033303,svd,0.0,0.0,0.0,,1.1611786470417575e-14,1.2982371944033023e-15,success
delta=1e-06,2377448.9839033303,svd,1e-08,1.000000000811631e-08,0.0009844735744161167,98447.35736170875,2.2070581935455147e-07,2.4675660755328293e-08,success
delta=1e-06,2377448.9839033303,svd,1e-06,1.0000000000000008e-06,0.09844735606464078,98447.3560646407,2.2070581927651456e-05,2.4675660746603497e-06,success
delta=1e-06,2377448.9839033303,svd,0.0001,0.00010000000000000137,9.844735608437293,98447.35608437158,0.0022070581927108135,0.0002467566074599605,success
delta=1e-06,2377448.9839033303,svd,0.01,0.010000000000000005,984.4735608435786,98447.35608435782,0.22070581927097355,0.024675660745984,success
delta=1e-06,2377448.9839033303,lstsq,0.0,0.0,0.0,,9.284146694610099e-15,1.037999156111408e-15,success
delta=1e-06,2377448.9839033303,lstsq,1e-08,1.000000000811631e-08,0.0009844736041108438,98447.36033118147,2.2070581928477515e-07,2.4675660747527063e-08,success
delta=1e-06,2377448.9839033303,lstsq,1e-06,1.0000000000000008e-06,0.09844735609337509,98447.35609337501,2.207058192695029e-05,2.4675660745819572e-06,success
delta=1e-06,2377448.9839033303,lstsq,0.0001,0.00010000000000000137,9.844735608474917,98447.35608474781,0.002207058192709976,0.0002467566074598669,success
delta=1e-06,2377448.9839033303,lstsq,0.01,0.010000000000000005,984.473560845185,98447.35608451845,0.22070581927097171,0.024675660745983794,success
delta=1e-08,237744848.3846353,normal_equations,0.0,0.0,0.0,,5.350371814290382e-08,5.981897540826088e-09,success
delta=1e-08,237744848.3846353,normal_equations,1e-08,1.000000000008838e-08,0.34900692551995016,34900692.55168656,2.2178080703519105e-07,2.4795848031772537e-08,success
delta=1e-08,237744848.3846353,normal_equations,1e-06,1.000000000004408e-06,5.5678868947076845,5567886.894683142,2.218594600426602e-05,2.480464170533933e-06,success
delta=1e-08,237744848.3846353,normal_equations,0.0001,0.00010000000000001403,515.0942677986226,5150942.677985503,0.002217517272292343,0.0002479259681062795,success
delta=1e-08,237744848.3846353,normal_equations,0.01,0.009999999999999995,51535.1800292927,5153518.002929272,0.22175154526286836,0.02479257646616976,success
delta=1e-08,237744848.3846353,qr,0.0,0.0,0.0,,8.997602480567051e-15,1.0059625390534328e-15,success
delta=1e-08,237744848.3846353,qr,1e-08,1.000000000008838e-08,0.09844748126417578,9844748.126330571,2.2070581184243056e-07,2.4675659915447642e-08,success
delta=1e-08,237744848.3846353,qr,1e-06,1.000000000004408e-06,9.84474813932246,9844748.139279066,2.207058118731886e-05,2.4675659918886497e-06,success
delta=1e-08,237744848.3846353,qr,0.0001,0.00010000000000001403,984.4748137874982,9844748.137873601,0.002207058118272314,0.0002467565991374832,success
delta=1e-08,237744848.3846353,qr,0.01,0.009999999999999995,98447.48137905922,9844748.137905927,0.22070581180295717,0.024675659911034386,success
delta=1e-08,237744848.3846353,svd,0.0,0.0,0.0,,2.3495844786578312e-14,2.6269153065786576e-15,success
delta=1e-08,237744848.3846353,svd,1e-08,1.000000000008838e-08,0.09844748134419402,9844748.134332394,2.2070581152795486e-07,2.467565988028819e-08,success
delta=1e-08,237744848.3846353,svd,1e-06,1.000000000004408e-06,9.84474819162214,9844748.191578744,2.207058118359348e-05,2.4675659914721394e-06,success
delta=1e-08,237744848.3846353,svd,0.0001,0.00010000000000001403,984.4748188480646,9844748.188479265,0.002207058118058158,0.00024675659911353986,success
delta=1e-08,237744848.3846353,svd,0.01,0.009999999999999995,98447.48188443194,9844748.188443199,0.2207058117760992,0.024675659908031566,success
delta=1e-08,237744848.3846353,lstsq,0.0,0.0,0.0,,7.515152056556595e-15,8.402195429853945e-16,success
delta=1e-08,237744848.3846353,lstsq,1e-08,1.000000000008838e-08,0.09844748644304994,9844748.644217987,2.207058116385667e-07,2.467565989265497e-08,success
delta=1e-08,237744848.3846353,lstsq,1e-06,1.000000000004408e-06,9.84474819282905,9844748.192785654,2.2070581180813518e-05,2.46756599116133e-06,success
delta=1e-08,237744848.3846353,lstsq,0.0001,0.00010000000000001403,984.4748191186457,9844748.191185076,0.0022070581176402526,0.0002467565990668166,success
delta=1e-08,237744848.3846353,lstsq,0.01,0.009999999999999995,98447.4819111219,9844748.191112194,0.22070581181207286,0.024675659912053543,success
