contamination_type,contamination_fraction,model,mean_test_rmse,mean_test_mae,mean_test_r2,mean_rmse_degradation,median_rmse_degradation,std_rmse_degradation,success_rate,n_attempted
feature,0.0,Huber,1.2277993954218096,0.9807023625154818,0.8393929473486148,0.0,0.0,0.0,1.0,20
feature,0.0,OLS,1.2244782775599805,0.9778192037040225,0.840227913402652,0.0,0.0,0.0,1.0,20
feature,0.0,Ridge,1.2095878952383434,0.9653097963192497,0.8443675601083159,0.0,0.0,0.0,1.0,20
feature,0.05,Huber,1.2589101111294219,1.009239332779534,0.8301216056453831,0.031110715707612202,0.02943130366222102,0.0505631790652302,1.0,20
feature,0.05,OLS,1.2547186176324359,1.0057338947453875,0.8311465973868657,0.030240340072455196,0.022016860636774105,0.05613928313906827,1.0,20
feature,0.05,Ridge,1.2467518664165755,0.9991062103789743,0.8336753366593179,0.037163971178232016,0.029365812057266072,0.04873515415156606,1.0,20
feature,0.1,Huber,1.291213236120431,1.0332151455974043,0.8224651126744421,0.06341384069862144,0.06492888973545174,0.06018167595625611,1.0,20
feature,0.1,OLS,1.2921822484606336,1.0353242850869688,0.822276013622281,0.06770397090065304,0.06277444501757035,0.061537296360297415,1.0,20
feature,0.1,Ridge,1.285865326188785,1.0279740860358315,0.8241474898737243,0.07627743095044123,0.06477729837635327,0.05316221522678165,1.0,20
feature,0.2,Huber,1.3094018945110795,1.0490786128279737,0.8177532735435646,0.08160249908927009,0.09072139897671738,0.0740456393997198,1.0,20
feature,0.2,OLS,1.3132873919515577,1.0522807586130838,0.8168529603479966,0.08880911439157713,0.09005483691174698,0.08078928854041406,1.0,20
feature,0.2,Ridge,1.3128249982555233,1.0510216643754309,0.8170566150993315,0.10323710301717974,0.10948897212891084,0.06650368104051359,1.0,20
response,0.0,Huber,1.2277993954218096,0.9807023625154818,0.8393929473486148,0.0,0.0,0.0,1.0,20
response,0.0,OLS,1.2244782775599805,0.9778192037040225,0.840227913402652,0.0,0.0,0.0,1.0,20
response,0.0,Ridge,1.2095878952383434,0.9653097963192497,0.8443675601083159,0.0,0.0,0.0,1.0,20
response,0.05,Huber,1.2364370013158388,0.9908192734825422,0.8369237884806389,0.008637605894029177,0.0075451551946379425,0.024661019137151647,1.0,20
response,0.05,OLS,1.2999138047624452,1.0373467845314492,0.8182977130200995,0.07543552720246469,0.07118304116779695,0.08458308950940024,1.0,20
response,0.05,Ridge,1.242534824296513,0.9925967009295983,0.8355567343616601,0.032946929058169525,0.027281313004772656,0.056518545722031514,1.0,20
response,0.1,Huber,1.2431641790092658,0.989579744733803,0.8349151341986538,0.015364783587456455,0.007470978029683217,0.04596708502293123,1.0,20
response,0.1,OLS,1.3421532573264296,1.066101872305905,0.8044891048988007,0.11767497976644918,0.12517692653097623,0.12504571910542017,1.0,20
response,0.1,Ridge,1.2609113820954172,1.001673211192385,0.8301591034189141,0.05132348685707368,0.04313525175052535,0.06404002613005122,1.0,20
response,0.2,Huber,1.3002477928715208,1.0330755415423796,0.8185717392749023,0.07244839744971135,0.07140853201181951,0.08526756998643033,1.0,20
response,0.2,OLS,1.5394843499882105,1.2293242050386448,0.7422996184433904,0.31500607242823003,0.29703334711938767,0.17691016091217981,1.0,20
response,0.2,Ridge,1.3660843211028006,1.0805991639796704,0.7999030574390272,0.15649642586445708,0.14909068094335043,0.10717383211356775,1.0,20
