seed,contamination_type,contamination_fraction,model,test_rmse,test_mae,test_r2,rmse_degradation,fit_status,huber_iterations
0,response,0.0,OLS,1.635048383606249,1.315998582446994,0.7190511463610691,0.0,success,
0,response,0.0,Ridge,1.569250034047219,1.2835880199927303,0.7412083017096271,0.0,success,
0,response,0.0,Huber,1.5900676102532074,1.296064652164028,0.7342965281235113,0.0,success,12.0
0,response,0.05,OLS,1.733800262958217,1.3810689036737163,0.6840894162208027,0.09875187935196794,success,
0,response,0.05,Ridge,1.6221531607218034,1.3063631844941817,0.7234652195734006,0.0529031266745843,success,
0,response,0.05,Huber,1.6329193756965252,1.3059617764866618,0.7197823209427714,0.04285176544331781,success,13.0
0,response,0.1,OLS,1.8958895430821971,1.5438461069412386,0.622260753646199,0.2608411594759481,success,
0,response,0.1,Ridge,1.690589985485068,1.3590735958025604,0.699639629640066,0.12133995143784881,success,
0,response,0.1,Huber,1.7095994871526738,1.358472219097946,0.6928469693179674,0.11953187689946643,success,12.0
0,response,0.2,OLS,1.8388807644616496,1.507823278316114,0.644636198637634,0.20383238085540056,success,
0,response,0.2,Ridge,1.6788106948510575,1.3373499205273902,0.7038106071077939,0.10956066080383842,success,
0,response,0.2,Huber,1.7023912429362125,1.3425312841895203,0.6954316290805631,0.11232363268300505,success,11.0
0,feature,0.0,OLS,1.635048383606249,1.315998582446994,0.7190511463610691,0.0,success,
0,feature,0.0,Ridge,1.569250034047219,1.2835880199927303,0.7412083017096271,0.0,success,
0,feature,0.0,Huber,1.5900676102532074,1.296064652164028,0.7342965281235113,0.0,success,12.0
0,feature,0.05,OLS,1.6540395391594773,1.342770115015293,0.7124867783388766,0.01899115555322828,success,
0,feature,0.05,Ridge,1.598388199195725,1.3010489815419375,0.7315084783887288,0.029138165148505868,success,
0,feature,0.05,Huber,1.6272710912031088,1.3255972594345644,0.7217175197312595,0.037203480949901335,success,11.0
0,feature,0.1,OLS,1.7170769844521647,1.3806251576801885,0.6901542231620197,0.08202860084591568,success,
0,feature,0.1,Ridge,1.667018175195527,1.3252567045221535,0.7079570566048558,0.09776814114830801,success,
0,feature,0.1,Huber,1.6963812837762788,1.3603509625105747,0.6975782713015786,0.10631367352307142,success,11.0
0,feature,0.2,OLS,1.6287355298229274,1.3502682128414714,0.7212164219267692,-0.0063128537833216924,success,
0,feature,0.2,Ridge,1.6287355298229278,1.3502682128414707,0.7212164219267689,0.05948549577570872,success,
0,feature,0.2,Huber,1.6278163492967819,1.3351182254857559,0.721530997403225,0.03774873904357445,success,12.0
1,response,0.0,OLS,1.1859874996947837,0.9587401827627721,0.8583324365212539,0.0,success,
1,response,0.0,Ridge,1.1647915023580984,0.9283720046085923,0.8633509588465661,0.0,success,
1,response,0.0,Huber,1.177035389640195,0.9512470622646391,0.8604630444678405,0.0,success,10.0
1,response,0.05,OLS,1.2501096834557412,1.0231105123801052,0.8425993795464768,0.06412218376095757,success,
1,response,0.05,Ridge,1.2039067396552174,0.9822992151412521,0.8540191484026668,0.039115237297119076,success,
1,response,0.05,Huber,1.179750166258097,0.9485124087211126,0.859818631354744,0.0027147766179018706,success,9.0
1,response,0.1,OLS,1.302128819548032,1.0523441240513596,0.8292274341986252,0.11614131985324838,success,
1,response,0.1,Ridge,1.1907011188849639,0.961480169136116,0.8572041043237142,0.02590961652686552,success,
1,response,0.1,Huber,1.1552698590518138,0.9293994039054416,0.8655759156355545,-0.021765530588381266,success,10.0
1,response,0.2,OLS,1.523531510796058,1.2555060851248852,0.7662169159516975,0.3375440111012744,success,
1,response,0.2,Ridge,1.315094852350781,1.0766741058529372,0.8258095436032914,0.1503033499926827,success,
1,response,0.2,Huber,1.2144323617922228,0.9798834015613554,0.851455401348228,0.03739697215202775,success,9.0
1,feature,0.0,OLS,1.1859874996947837,0.9587401827627721,0.8583324365212539,0.0,success,
1,feature,0.0,Ridge,1.1647915023580984,0.9283720046085923,0.8633509588465661,0.0,success,
1,feature,0.0,Huber,1.177035389640195,0.9512470622646391,0.8604630444678405,0.0,success,10.0
1,feature,0.05,OLS,1.133702705346724,0.9229500619901514,0.8705480587682608,-0.05228479434805977,success,
1,feature,0.05,Ridge,1.1447964676018332,0.9284587742460956,0.8680021787574155,-0.019995034756265184,success,
1,feature,0.05,Huber,1.1442422748187153,0.9321563512086769,0.8681299473793352,-0.03279311482147973,success,11.0
1,feature,0.1,OLS,1.258747336533425,0.9838704074791152,0.8404167407525422,0.07275983683864129,success,
1,feature,0.1,Ridge,1.258747336533425,0.9838704074791155,0.8404167407525422,0.0939558341753266,success,
1,feature,0.1,Huber,1.2592798728161807,0.9867973684583373,0.8402816829054258,0.08224448317598565,success,10.0
1,feature,0.2,OLS,1.2859888743674048,1.0010516206396363,0.8334346644311035,0.10000137467262116,success,
1,feature,0.2,Ridge,1.2859888743674048,1.0010516206396367,0.8334346644311035,0.12119737200930647,success,
1,feature,0.2,Huber,1.2930267449256663,1.0127126137937168,0.831606541279155,0.11599135528547122,success,14.0
2,response,0.0,OLS,1.1048529824124218,0.8875505960437978,0.9030579745228222,0.0,success,
2,response,0.0,Ridge,1.1128011997046847,0.8737457062417805,0.9016581723600424,0.0,success,
2,response,0.0,Huber,1.1056070815632195,0.8894719924031751,0.9029255970062071,0.0,success,11.0
2,response,0.05,OLS,1.0938804794658268,0.9231459441295193,0.9049739122831648,-0.01097250294659502,success,
2,response,0.05,Ridge,1.1003703184384794,0.8991508179315012,0.9038430146610815,-0.012430881266205285,success,
2,response,0.05,Huber,1.0926894663950877,0.8988403510000337,0.9051807277463404,-0.012917615168131835,success,11.0
2,response,0.1,OLS,1.147862806580547,0.9090483038767317,0.8953635317336515,0.043009824168125155,success,
2,response,0.1,Ridge,1.1599244048679105,0.9009968763573936,0.893152964505096,0.04712320516322577,success,
2,response,0.1,Huber,1.1047061940315084,0.8941564969290091,0.9030837318279257,-0.0009008875317111364,success,11.0
2,response,0.2,OLS,1.5133133165989063,1.2093508806783795,0.8181301065942521,0.40846033418648453,success,
2,response,0.2,Ridge,1.3973690934868903,1.0942201847020159,0.8449308623616771,0.2845678937822056,success,
2,response,0.2,Huber,1.2570974790238185,1.000014973807629,0.8745007831430467,0.151490397460599,success,12.0
2,feature,0.0,OLS,1.1048529824124218,0.8875505960437978,0.9030579745228222,0.0,success,
2,feature,0.0,Ridge,1.1128011997046847,0.8737457062417805,0.9016581723600424,0.0,success,
2,feature,0.0,Huber,1.1056070815632195,0.8894719924031751,0.9029255970062071,0.0,success,11.0
2,feature,0.05,OLS,1.1008981507870652,0.9488920128265205,0.903750742196563,-0.003954831625356592,success,
2,feature,0.05,Ridge,1.111849345602332,0.93478575028911,0.9018263372359754,-0.0009518541023527671,success,
2,feature,0.05,Huber,1.1009778178917964,0.9470533742654877,0.9037368114307749,-0.004629263671423134,success,15.0
2,feature,0.1,OLS,1.2647485184028522,0.9560071386182623,0.872968489133024,0.15989553599043038,success,
2,feature,0.1,Ridge,1.264549763007248,0.9556017264754758,0.873008412033032,0.15174856330256326,success,
2,feature,0.1,Huber,1.2362001883547644,0.9298790830274122,0.8786385614563277,0.1305931067915449,success,20.0
2,feature,0.2,OLS,1.2754029802469726,0.982368088572063,0.8708192029704496,0.17054999783455083,success,
2,feature,0.2,Ridge,1.2768727807691462,0.9834976885353065,0.8705212902151689,0.1640715810644615,success,
2,feature,0.2,Huber,1.2488689595956077,0.9487173814182697,0.876138353823786,0.1432618780323882,success,21.0
3,response,0.0,OLS,1.2656826271070365,1.0032378398685917,0.841446053822121,0.0,success,
3,response,0.0,Ridge,1.2656826271070363,1.0032378398685917,0.8414460538221211,0.0,success,
3,response,0.0,Huber,1.254959947503334,0.9843532765837909,0.8441211660976691,0.0,success,12.0
3,response,0.05,OLS,1.262208795630961,0.9859937641538633,0.8423152035124878,-0.003473831476075606,success,
3,response,0.05,Ridge,1.2602989401392908,0.9853392361181524,0.8427920300656548,-0.0053836869677454935,success,
3,response,0.05,Huber,1.2383087015471808,0.9738289887549035,0.8482302331622995,-0.016651245956153193,success,13.0
3,response,0.1,OLS,1.3585359940196393,1.1052914079499703,0.8173289536925465,0.09285336691260282,success,
3,response,0.1,Ridge,1.3479053704927098,1.0955603608096312,0.8201765916833452,0.08222274338567348,success,
3,response,0.1,Huber,1.2534819729112734,0.9796673853642899,0.8444881089526439,-0.0014779745920605603,success,11.0
3,response,0.2,OLS,1.5776671998855558,1.2762116314042016,0.7536467984848463,0.3119845727785193,success,
3,response,0.2,Ridge,1.4135606390010544,1.1553453454816724,0.8022318710630502,0.14787801189401817,success,
3,response,0.2,Huber,1.3323138093924443,1.076210934631278,0.8243126564351615,0.07735386188911031,success,13.0
3,feature,0.0,OLS,1.2656826271070365,1.0032378398685917,0.841446053822121,0.0,success,
3,feature,0.0,Ridge,1.2656826271070363,1.0032378398685917,0.8414460538221211,0.0,success,
3,feature,0.0,Huber,1.254959947503334,0.9843532765837909,0.8441211660976691,0.0,success,12.0
3,feature,0.05,OLS,1.2676420042260856,1.0220141042655377,0.8409547656647606,0.001959377119049144,success,
3,feature,0.05,Ridge,1.2648265738345619,1.019667465214767,0.8416604594249256,-0.0008560532724743997,success,
3,feature,0.05,Huber,1.2668970053255109,1.016457056817902,0.8411416539284934,0.01193705782217691,success,17.0
3,feature,0.1,OLS,1.3220313526934475,1.0781724368701073,0.8270140116978505,0.05634872558641102,success,
3,feature,0.1,Ridge,1.3198218176411567,1.0770049418397705,0.8275917577542912,0.05413919053412042,success,
3,feature,0.1,Huber,1.3205769570486523,1.0747604318995692,0.8273944136869759,0.06561700954531835,success,15.0
3,feature,0.2,OLS,1.334482318123048,1.1244528208490003,0.8237402843981696,0.06879969101601158,success,
3,feature,0.2,Ridge,1.3344823181230476,1.1244528208490001,0.8237402843981696,0.06879969101601136,success,
3,feature,0.2,Huber,1.3394715583959733,1.1184572603481524,0.8224198532863105,0.08451161089263937,success,18.0
4,response,0.0,OLS,1.3168040215346752,1.0625701903426779,0.8519481033952216,0.0,success,
4,response,0.0,Ridge,1.3189662335721104,1.066671214841568,0.8514614973272553,0.0,success,
4,response,0.0,Huber,1.3257106130005636,1.0651935274642084,0.8499385450487786,0.0,success,11.0
4,response,0.05,OLS,1.3950479201093116,1.1216823139372971,0.8338310258572506,0.07824389857463632,success,
4,response,0.05,Ridge,1.3811771188667363,1.1487161271595865,0.8371189962815132,0.06221088529462593,success,
4,response,0.05,Huber,1.307960503767034,1.0704880293104497,0.8539300278083628,-0.017750109233529487,success,11.0
4,response,0.1,OLS,1.338981317668149,1.1250736097169005,0.8469192004786741,0.022177296133473856,success,
4,response,0.1,Ridge,1.357416862061642,1.1322992647751142,0.8426748456994368,0.038450628489531624,success,
4,response,0.1,Huber,1.2967932181610748,1.0488819089829422,0.8564136525497764,-0.02891739483948874,success,11.0
4,response,0.2,OLS,1.7887694648949806,1.4875305075296616,0.7268001653495577,0.4719654433603053,success,
4,response,0.2,Ridge,1.575147401647933,1.3348992150799692,0.7881570141227205,0.2561811680758226,success,
4,response,0.2,Huber,1.440622757140165,1.1811748180829948,0.8227965272673972,0.11491214413960149,success,12.0
4,feature,0.0,OLS,1.3168040215346752,1.0625701903426779,0.8519481033952216,0.0,success,
4,feature,0.0,Ridge,1.3189662335721104,1.066671214841568,0.8514614973272553,0.0,success,
4,feature,0.0,Huber,1.3257106130005636,1.0651935274642084,0.8499385450487786,0.0,success,11.0
4,feature,0.05,OLS,1.3418465872549952,1.1164036412306315,0.8462633480783934,0.02504256572031993,success,
4,feature,0.05,Ridge,1.3418465872549956,1.1164036412306322,0.8462633480783932,0.022880353682885213,success,
4,feature,0.05,Huber,1.34149804321664,1.114707286069052,0.84634320375609,0.015787430216076315,success,13.0
4,feature,0.1,OLS,1.3445846155292245,1.114491067346892,0.8456353109220314,0.02778059399454924,success,
4,feature,0.1,Ridge,1.344584615529225,1.1144910673468924,0.8456353109220313,0.025618381957114522,success,
4,feature,0.1,Huber,1.3365784365207773,1.0953633342833675,0.8474681325833209,0.01086782352021376,success,10.0
4,feature,0.2,OLS,1.396912320685548,1.1714122709471502,0.8333865786877573,0.08010829915087281,success,
4,feature,0.2,Ridge,1.3969123206855474,1.1714122709471502,0.8333865786877575,0.07794608711343698,success,
4,feature,0.2,Huber,1.388264303503987,1.167307778795637,0.8354431367348057,0.06255369050342341,success,13.0
5,response,0.0,OLS,1.3456323539593231,1.062642907460984,0.8431355963593722,0.0,success,
5,response,0.0,Ridge,1.3633223573844242,1.0573203038204821,0.8389841328680352,0.0,success,
5,response,0.0,Huber,1.344759103372331,1.0648967863366796,0.8433391251832981,0.0,success,11.0
5,response,0.05,OLS,1.4425091206387803,1.1722393694489757,0.8197361272700612,0.09687676667945722,success,
5,response,0.05,Ridge,1.4076516879635066,1.135956931820146,0.8283428204827958,0.04432933057908239,success,
5,response,0.05,Huber,1.3684447744145105,1.0956866705137924,0.8377718885154751,0.023685671042179557,success,11.0
5,response,0.1,OLS,1.518326256094683,1.2527449661305898,0.8002891012873267,0.17269390213535996,success,
5,response,0.1,Ridge,1.4024696557222491,1.1386177898325585,0.829604348051551,0.03914729833782493,success,
5,response,0.1,Huber,1.4000393476126778,1.1321646162201904,0.8301943859589211,0.05528024424034683,success,11.0
5,response,0.2,OLS,1.861033587597153,1.5282476542907417,0.6999594284672008,0.51540123363783,success,
5,response,0.2,Ridge,1.661041745935225,1.241912683280451,0.7609808726867423,0.2977193885508007,success,
5,response,0.2,Huber,1.484566808437694,1.2163457016447827,0.8090713708030781,0.139807705065363,success,12.0
5,feature,0.0,OLS,1.3456323539593231,1.062642907460984,0.8431355963593722,0.0,success,
5,feature,0.0,Ridge,1.3633223573844242,1.0573203038204821,0.8389841328680352,0.0,success,
5,feature,0.0,Huber,1.344759103372331,1.0648967863366796,0.8433391251832981,0.0,success,11.0
5,feature,0.05,OLS,1.4623944914905105,1.181554091107305,0.8147319004878627,0.11676213753118736,success,
5,feature,0.05,Ridge,1.4623944914905107,1.181554091107305,0.8147319004878626,0.0990721341060865,success,
5,feature,0.05,Huber,1.4537347756831975,1.1737777621628018,0.8169195713016149,0.10897567231086658,success,14.0
5,feature,0.1,OLS,1.5519796435121942,1.2527954679916726,0.7913378861812743,0.20634728955287107,success,
5,feature,0.1,Ridge,1.5519796435121942,1.2527954679916726,0.7913378861812743,0.18865728612777,success,
5,feature,0.1,Huber,1.5550494036603861,1.2560918143806967,0.7905116174485369,0.21029030028805518,success,17.0
5,feature,0.2,OLS,1.5605029727146966,1.2491511196529894,0.7890396865065613,0.2148706187553735,success,
5,feature,0.2,Ridge,1.5605029727146968,1.2491511196529894,0.7890396865065612,0.19718061533027265,success,
5,feature,0.2,Huber,1.5505242636681724,1.245377204603446,0.7917290514206725,0.20576516029584146,success,13.0
6,response,0.0,OLS,1.227936592247452,0.9945878229328384,0.8550392191573171,0.0,success,
6,response,0.0,Ridge,1.199728847035319,0.9743592523650481,0.8616227040705562,0.0,success,
6,response,0.0,Huber,1.2467165813005667,0.9844054198364965,0.8505712690777751,0.0,success,12.0
6,response,0.05,OLS,1.1869419544285207,0.9354359985933618,0.8645566774865439,-0.04099463781893142,success,
6,response,0.05,Ridge,1.1842682053532847,0.9501858634774942,0.8651661994103201,-0.015460641682034204,success,
6,response,0.05,Huber,1.223071329293656,0.9671069508374944,0.8561856547723212,-0.02364525200691081,success,11.0
6,response,0.1,OLS,1.1575049424692867,0.894518023665689,0.8711915527315932,-0.0704316497781654,success,
6,response,0.1,Ridge,1.1466398242761022,0.9011443202414505,0.8735983685307304,-0.053089022759216675,success,
6,response,0.1,Huber,1.1696212854844903,0.9400187848803117,0.8684807985429951,-0.07709529581607644,success,12.0
6,response,0.2,OLS,1.3415308998250843,1.083481009053714,0.8269785299954586,0.11359430757763223,success,
6,response,0.2,Ridge,1.202097760289425,0.9404837247605314,0.8610757014004728,0.002368913254106042,success,
6,response,0.2,Huber,1.2299753981321755,0.9810463070448189,0.8545574479474521,-0.016741183168391238,success,13.0
6,feature,0.0,OLS,1.227936592247452,0.9945878229328384,0.8550392191573171,0.0,success,
6,feature,0.0,Ridge,1.199728847035319,0.9743592523650481,0.8616227040705562,0.0,success,
6,feature,0.0,Huber,1.2467165813005667,0.9844054198364965,0.8505712690777751,0.0,success,12.0
6,feature,0.05,OLS,1.2316579281850764,0.9970706791734454,0.8541592630077802,0.0037213359376242483,success,
6,feature,0.05,Ridge,1.231653344534461,0.9971065535843137,0.854160348506805,0.03192449749914217,success,
6,feature,0.05,Huber,1.2754047079421194,0.9952312670292568,0.8436151534211299,0.028688126641552625,success,11.0
6,feature,0.1,OLS,1.2613323549197952,1.053125113268159,0.8470471023180411,0.03339576267234312,success,
6,feature,0.1,Ridge,1.2613323549197943,1.053125113268158,0.8470471023180414,0.06160350788447544,success,
6,feature,0.1,Huber,1.2916040291508741,1.0594770864246408,0.8396173374321652,0.044887447850307405,success,16.0
6,feature,0.2,OLS,1.3068799759306473,1.0973988450182615,0.8358011752680206,0.0789433836831952,success,
6,feature,0.2,Ridge,1.3068799759306462,1.097398845018261,0.8358011752680209,0.1071511288953273,success,
6,feature,0.2,Huber,1.3272973532343992,1.1015867300375157,0.8306305436331682,0.0805807719338325,success,15.0
7,response,0.0,OLS,1.3133632726082203,1.0124669342710553,0.8292256383466351,0.0,success,
7,response,0.0,Ridge,1.313363272608219,1.0124669342710548,0.8292256383466354,0.0,success,
7,response,0.0,Huber,1.3315418620060713,1.0252571660052274,0.8244654600933112,0.0,success,13.0
7,response,0.05,OLS,1.323763208831976,1.0088083736318334,0.8265103586522207,0.01039993622375568,success,
7,response,0.05,Ridge,1.3237632088319746,1.0088083736318325,0.8265103586522211,0.01039993622375568,success,
7,response,0.05,Huber,1.3326207192692727,1.0214647212355668,0.8241808976049306,0.0010788572632014493,success,11.0
7,response,0.1,OLS,1.2884581265238029,1.00779527040829,0.8356409758750974,-0.024905146084417407,success,
7,response,0.1,Ridge,1.3377600055041623,1.0279434530858453,0.822822180861996,0.02439673289594335,success,
7,response,0.1,Huber,1.3447433132746847,1.0405963587069467,0.8209675632198389,0.013201451268613384,success,11.0
7,response,0.2,OLS,1.5187029230947446,1.1668726551665565,0.7716512736308582,0.20533965048652436,success,
7,response,0.2,Ridge,1.518212721356547,1.1596302109681034,0.7717986610830947,0.2048494487483281,success,
7,response,0.2,Huber,1.369106921976905,1.0382671324874813,0.8144214964765325,0.0375650599708337,success,11.0
7,feature,0.0,OLS,1.3133632726082203,1.0124669342710553,0.8292256383466351,0.0,success,
7,feature,0.0,Ridge,1.313363272608219,1.0124669342710548,0.8292256383466354,0.0,success,
7,feature,0.0,Huber,1.3315418620060713,1.0252571660052274,0.8244654600933112,0.0,success,13.0
7,feature,0.05,OLS,1.3497233096797245,1.047956573217358,0.8196390839757981,0.03636003707150426,success,
7,feature,0.05,Ridge,1.349723309679724,1.0479565732173572,0.8196390839757982,0.03636003707150515,success,
7,feature,0.05,Huber,1.3699497921319594,1.0687668653468716,0.814192928892941,0.03840793012588817,success,11.0
7,feature,0.1,OLS,1.3973415928878212,1.0768544989103341,0.8066883139974801,0.08397832027960095,success,
7,feature,0.1,Ridge,1.3973415928878217,1.0768544989103341,0.8066883139974801,0.08397832027960273,success,
7,feature,0.1,Huber,1.4113894625791852,1.0866550864248004,0.8027819423230097,0.07984760057311391,success,14.0
7,feature,0.2,OLS,1.4753257677534546,1.1390029017014525,0.7845091711919995,0.1619624951452343,success,
7,feature,0.2,Ridge,1.4753257677534544,1.1390029017014525,0.7845091711919996,0.16196249514523542,success,
7,feature,0.2,Huber,1.494640437590973,1.1523222774702058,0.7788299114416801,0.1630985755849017,success,12.0
8,response,0.0,OLS,1.3533979382954586,1.0529580666378953,0.7715192579147315,0.0,success,
8,response,0.0,Ridge,1.3533979382954568,1.0529580666378955,0.7715192579147322,0.0,success,
8,response,0.0,Huber,1.3498029648831218,1.053724603107512,0.7727314531878512,0.0,success,16.0
8,response,0.05,OLS,1.3892367077315393,1.1101126013165914,0.7592584348084364,0.035838769436080664,success,
8,response,0.05,Ridge,1.377677826359303,1.1085385315772742,0.7632478582091966,0.024279888063846178,success,
8,response,0.05,Huber,1.3675060949559859,1.0828362788121402,0.7667309499195755,0.01770313007286406,success,12.0
8,response,0.1,OLS,1.3900843248850738,1.0790758622447545,0.7589645771385389,0.036686386589615205,success,
8,response,0.1,Ridge,1.3717467409777215,1.082876269135836,0.7652819688163324,0.018348802682264687,success,
8,response,0.1,Huber,1.35198816725175,1.0568596265290127,0.7719950053117489,0.0021852023686281807,success,9.0
8,response,0.2,OLS,1.8248951833646483,1.4169502072454343,0.584592408111394,0.47149724506918966,success,
8,response,0.2,Ridge,1.6747288916226506,1.3360774838225957,0.6501453869142635,0.32133095332719375,success,
8,response,0.2,Huber,1.51805197306052,1.2149362881917989,0.7125436804706714,0.16824900817739818,success,12.0
8,feature,0.0,OLS,1.3533979382954586,1.0529580666378953,0.7715192579147315,0.0,success,
8,feature,0.0,Ridge,1.3533979382954568,1.0529580666378955,0.7715192579147322,0.0,success,
8,feature,0.0,Huber,1.3498029648831218,1.053724603107512,0.7727314531878512,0.0,success,16.0
8,feature,0.05,OLS,1.41419778293528,1.1010480555257773,0.7505296802786028,0.060799844639821465,success,
8,feature,0.05,Ridge,1.4141977829352772,1.1010480555257756,0.7505296802786039,0.060799844639820355,success,
8,feature,0.05,Huber,1.4279151380739254,1.1103960556711292,0.7456666128520315,0.07811217319080366,success,10.0
8,feature,0.1,OLS,1.4377540526667836,1.1010118308690504,0.7421496172540232,0.08435611437132495,success,
8,feature,0.1,Ridge,1.4377540526667805,1.1010118308690482,0.7421496172540243,0.08435611437132362,success,
8,feature,0.1,Huber,1.449983458990634,1.1142431077120762,0.7377444574409611,0.10018049410751217,success,11.0
8,feature,0.2,OLS,1.4907985890872337,1.142585493120337,0.7227723614370101,0.1374006507917751,success,
8,feature,0.2,Ridge,1.4907985890872288,1.1425854931203345,0.7227723614370118,0.137400650791772,success,
8,feature,0.2,Huber,1.4934315149019357,1.154365310064473,0.7217922634229343,0.14362855001881392,success,13.0
9,response,0.0,OLS,1.3022057336744433,1.0371990104088253,0.8169134311292336,0.0,success,
9,response,0.0,Ridge,1.3015909626070883,1.0515324736368814,0.8170862605885789,0.0,success,
9,response,0.0,Huber,1.3412981142528053,1.0672809294938843,0.8057558682134885,0.0,success,11.0
9,response,0.05,OLS,1.5256446622853548,1.1970901388102877,0.7486933000459077,0.22343892861091152,success,
9,response,0.05,Ridge,1.510069818068778,1.1837854915028234,0.753798137441378,0.20847885546168965,success,
9,response,0.05,Huber,1.35774604105888,1.060144924265511,0.8009627467619677,0.016447926806074653,success,12.0
9,response,0.1,OLS,1.6509817921660959,1.3235536745952332,0.7057057026107233,0.3487760584916526,success,
9,response,0.1,Ridge,1.4900528231627517,1.1716442962512097,0.7602820203970411,0.18846186055566339,success,
9,response,0.1,Huber,1.3810903160506183,1.0984924443317332,0.7940596532867095,0.039792201797812954,success,11.0
9,response,0.2,OLS,1.8242105157376876,1.4910573568314718,0.6407082962512983,0.5220047820632443,success,
9,response,0.2,Ridge,1.3777687444125661,1.10167634334338,0.7950490498956652,0.07617778180547785,success,
9,response,0.2,Huber,1.4233805477483916,1.151998066376794,0.7812543969586325,0.0820824334955863,success,13.0
9,feature,0.0,OLS,1.3022057336744433,1.0371990104088253,0.8169134311292336,0.0,success,
9,feature,0.0,Ridge,1.3015909626070883,1.0515324736368814,0.8170862605885789,0.0,success,
9,feature,0.0,Huber,1.3412981142528053,1.0672809294938843,0.8057558682134885,0.0,success,11.0
9,feature,0.05,OLS,1.4188867551936621,1.1470187290532585,0.7826334317365509,0.11668102151921889,success,
9,feature,0.05,Ridge,1.4261770015682063,1.1567268626019829,0.7803940326939782,0.12458603896111797,success,
9,feature,0.05,Huber,1.4278017663962634,1.1547806102871256,0.7798933777301296,0.08650365214345812,success,12.0
9,feature,0.1,OLS,1.4515893285509653,1.2036912748387436,0.772498212657203,0.14938359487652209,success,
9,feature,0.1,Ridge,1.4604680271620534,1.2113366906603673,0.7697066555415589,0.1588770645549651,success,
9,feature,0.1,Huber,1.4482242660916322,1.195541300966785,0.7735517756094294,0.10692615183882692,success,11.0
9,feature,0.2,OLS,1.49729028019815,1.2304787675955315,0.7579476574388443,0.19508454652370677,success,
9,feature,0.2,Ridge,1.507842991069065,1.24054382481922,0.7545237260337037,0.20625202846197666,success,
9,feature,0.2,Huber,1.495995841592073,1.2245169436826202,0.7583659951044184,0.1546977273392678,success,11.0
10,response,0.0,OLS,1.2655032949428513,0.9709387888280346,0.7946080667518858,0.0,success,
10,response,0.0,Ridge,1.2624116982898956,0.968824185410765,0.7956103768743916,0.0,success,
10,response,0.0,Huber,1.2750160196666334,0.9871877051435144,0.7915086194784925,0.0,success,10.0
10,response,0.05,OLS,1.3666467839804923,1.0476454424245867,0.7604647740451058,0.10114348903764103,success,
10,response,0.05,Ridge,1.2926944362355948,0.9963956272229965,0.7856869675597835,0.030282737945699134,success,
10,response,0.05,Huber,1.2797364504725512,0.9895358410915085,0.7899619864302413,0.004720430805917886,success,10.0
10,response,0.1,OLS,1.4050039978501294,1.0677872780586868,0.7468301745294283,0.13950070290727812,success,
10,response,0.1,Ridge,1.3193054636027581,1.012850925260483,0.7767725777765861,0.0568937653128625,success,
10,response,0.1,Huber,1.2838185529234498,0.9908014412248208,0.7886198911084361,0.008802533256816458,success,13.0
10,response,0.2,OLS,1.4972826493285887,1.1573586278030972,0.7124824188333567,0.23177935438573738,success,
10,response,0.2,Ridge,1.3981285364374794,1.07958623226556,0.7493019117830849,0.13571683814758373,success,
10,response,0.2,Huber,1.2755613914720643,0.980946946776999,0.7913302222868395,0.0005453718054309054,success,13.0
10,feature,0.0,OLS,1.2655032949428513,0.9709387888280346,0.7946080667518858,0.0,success,
10,feature,0.0,Ridge,1.2624116982898956,0.968824185410765,0.7956103768743916,0.0,success,
10,feature,0.0,Huber,1.2750160196666334,0.9871877051435144,0.7915086194784925,0.0,success,10.0
10,feature,0.05,OLS,1.3474519517432508,1.0325535101967074,0.7671461634750906,0.08194865680039953,success,
10,feature,0.05,Ridge,1.3474519517432508,1.0325535101967072,0.7671461634750907,0.0850402534533552,success,
10,feature,0.05,Huber,1.351548670267596,1.037070787555409,0.7657280991464201,0.0765326506009627,success,12.0
10,feature,0.1,OLS,1.3663530977117426,1.056211628453332,0.7605677130763349,0.10084980276889133,success,
10,feature,0.1,Ridge,1.3663530977117422,1.056211628453332,0.760567713076335,0.10394139942184655,success,
10,feature,0.1,Huber,1.3507082239961108,1.046883667864852,0.7660193675735458,0.07569220432947743,success,12.0
10,feature,0.2,OLS,1.4138836919716713,1.0977393743248944,0.7436199707539943,0.14838039702882,success,
10,feature,0.2,Ridge,1.41388369197167,1.0977393743248938,0.7436199707539948,0.15147199368177433,success,
10,feature,0.2,Huber,1.376271829217354,1.071091170104254,0.7570788865525655,0.10125580955072055,success,15.0
11,response,0.0,OLS,1.345244047932075,1.0540685151016083,0.8010544649344922,0.0,success,
11,response,0.0,Ridge,1.270506012071141,0.9908021458349707,0.8225461249948234,0.0,success,
11,response,0.0,Huber,1.379525881279651,1.0939747913247695,0.7907855178613945,0.0,success,12.0
11,response,0.05,OLS,1.6191112973389397,1.3406704199826993,0.7118056617843912,0.2738672494068646,success,
11,response,0.05,Ridge,1.2437519706189126,0.9905926583586405,0.829941007391682,-0.026754041452228483,success,
11,response,0.05,Huber,1.4027814219047934,1.1292424808336212,0.7836723415393382,0.023255540625142457,success,12.0
11,response,0.1,OLS,1.5345314888134796,1.191082128776082,0.7411288531856256,0.18928744088140448,success,
11,response,0.1,Ridge,1.27426741180719,1.0216384910604015,0.8214938466119126,0.0037613997360488316,success,
11,response,0.1,Huber,1.353432137283721,1.0406813403294677,0.7986252531003408,-0.026093743995929897,success,12.0
11,response,0.2,OLS,1.5430322998546973,1.084758185351812,0.738252783104147,0.19778825192262217,success,
11,response,0.2,Ridge,1.3667983387543832,0.96189048616731,0.7946281463847169,0.09629232668324206,success,
11,response,0.2,Huber,1.3260692821762823,0.9888896519621914,0.8066854832104691,-0.05345659910336864,success,11.0
11,feature,0.0,OLS,1.345244047932075,1.0540685151016083,0.8010544649344922,0.0,success,
11,feature,0.0,Ridge,1.270506012071141,0.9908021458349707,0.8225461249948234,0.0,success,
11,feature,0.0,Huber,1.379525881279651,1.0939747913247695,0.7907855178613945,0.0,success,12.0
11,feature,0.05,OLS,1.2973151821443962,1.0090040006355958,0.814978141307336,-0.047928865787678854,success,
11,feature,0.05,Ridge,1.2427204169657677,0.9551900608271674,0.8302229803758203,-0.027785595105373373,success,
11,feature,0.05,Huber,1.310648827300325,1.0244145668931626,0.8111553329630383,-0.06887705397932598,success,13.0
11,feature,0.1,OLS,1.3669998004608344,1.042573370855485,0.7945675996132548,0.021755752528759276,success,
11,feature,0.1,Ridge,1.3162933096232243,0.9937112495531487,0.8095252614326272,0.04578729755208322,success,
11,feature,0.1,Huber,1.3665616651303607,1.0366430544107,0.7946992642536724,-0.01296421614929022,success,14.0
11,feature,0.2,OLS,1.3752018368829675,1.0405617612198295,0.7920950038674996,0.029957788950892406,success,
11,feature,0.2,Ridge,1.337371124353076,1.0100454632714637,0.8033762737229849,0.06686511228193481,success,
11,feature,0.2,Huber,1.3660029864262755,1.0323372137195743,0.7948670923241297,-0.013522894853375433,success,14.0
12,response,0.0,OLS,1.126667650287297,0.9174091455360124,0.8875465993803668,0.0,success,
12,response,0.0,Ridge,1.1279167258677945,0.9190954239855716,0.8872971191394445,0.0,success,
12,response,0.0,Huber,1.1391382583963545,0.9301271641640948,0.8850434239903878,0.0,success,10.0
12,response,0.05,OLS,1.2792750154098758,1.041760793304966,0.8550197715057832,0.15260736512257878,success,
12,response,0.05,Ridge,1.2382332628443562,1.009252118179328,0.8641730726049559,0.11031653697656174,success,
12,response,0.05,Huber,1.1797080373736961,0.971192866696807,0.8767093846174308,0.0405697789773416,success,11.0
12,response,0.1,OLS,1.3265162698306123,1.0702566008600467,0.844114361651622,0.19984861954331534,success,
12,response,0.1,Ridge,1.2307302582908997,0.9924689781635819,0.8658141566644666,0.1028135324231052,success,
12,response,0.1,Huber,1.1796940971594656,0.9465607922792492,0.8767122983679215,0.040555838763111085,success,9.0
12,response,0.2,OLS,1.3452297902824746,1.079298200778634,0.8396850971320168,0.2185621399951776,success,
12,response,0.2,Ridge,1.2102570056159463,0.954659182041695,0.8702413990898331,0.08234027974815183,success,
12,response,0.2,Huber,1.1685096247110214,0.9113605665963305,0.879038954598,0.029371366314666858,success,10.0
12,feature,0.0,OLS,1.126667650287297,0.9174091455360124,0.8875465993803668,0.0,success,
12,feature,0.0,Ridge,1.1279167258677945,0.9190954239855716,0.8872971191394445,0.0,success,
12,feature,0.0,Huber,1.1391382583963545,0.9301271641640948,0.8850434239903878,0.0,success,10.0
12,feature,0.05,OLS,1.209558770444045,0.9692948757649367,0.8703910795015485,0.08289112015674793,success,
12,feature,0.05,Ridge,1.2095587704440447,0.9692948757649358,0.8703910795015486,0.08164204457625024,success,
12,feature,0.05,Huber,1.2039714048966947,0.9676217209301222,0.8715857297073439,0.06483314650034022,success,13.0
12,feature,0.1,OLS,1.1958678147360267,0.9420531392434078,0.8733085523014923,0.06920016444872967,success,
12,feature,0.1,Ridge,1.1958678147360255,0.9420531392434054,0.8733085523014925,0.06795108886823109,success,
12,feature,0.1,Huber,1.1837914388515678,0.9354078401294933,0.8758543995381278,0.04465318045521327,success,10.0
12,feature,0.2,OLS,1.268234214208447,1.0061830571659531,0.8575114803859516,0.14156656392115008,success,
12,feature,0.2,Ridge,1.2682342142084473,1.0061830571659522,0.8575114803859515,0.14031748834065283,success,
12,feature,0.2,Huber,1.23606944545715,0.9875875736542806,0.8646473739764209,0.0969311870607954,success,15.0
13,response,0.0,OLS,0.9599031953469868,0.7754937890025637,0.8401908449851931,0.0,success,
13,response,0.0,Ridge,0.9281382266729944,0.7385406477142308,0.8505926026113643,0.0,success,
13,response,0.0,Huber,0.9543464567142289,0.7719652292383451,0.8420357131089514,0.0,success,11.0
13,response,0.05,OLS,1.0830705578261928,0.8365617209476882,0.7965487882976144,0.12316736247920601,success,
13,response,0.05,Ridge,0.9348393596837926,0.7285287771499581,0.848427379526768,0.0067011330107982214,success,
13,response,0.05,Huber,0.9623965480725382,0.7696657150292291,0.8393595567975528,0.008050091358309253,success,10.0
13,response,0.1,OLS,1.3114159517366017,1.0079439052997512,0.7017175480134528,0.351512756389615,success,
13,response,0.1,Ridge,1.0365439047521152,0.7885832370011676,0.8136530946688834,0.10840567807912083,success,
13,response,0.1,Huber,1.018935197920825,0.7959524092836706,0.8199306031654082,0.06458874120659608,success,12.0
13,response,0.2,OLS,1.7322579450385431,1.4212051541892545,0.4795585187234025,0.7723547496915564,success,
13,response,0.2,Ridge,1.228256039832171,0.9874508129669041,0.7383476755262475,0.3001178131591765,success,
13,response,0.2,Huber,1.261629612441018,1.0032771431567593,0.7239355218932115,0.3072831557267891,success,13.0
13,feature,0.0,OLS,0.9599031953469868,0.7754937890025637,0.8401908449851931,0.0,success,
13,feature,0.0,Ridge,0.9281382266729944,0.7385406477142308,0.8505926026113643,0.0,success,
13,feature,0.0,Huber,0.9543464567142289,0.7719652292383451,0.8420357131089514,0.0,success,11.0
13,feature,0.05,OLS,1.067710412714197,0.793809334167484,0.8022785727469381,0.10780721736721022,success,
13,feature,0.05,Ridge,1.0385010005229336,0.7794940733784244,0.8129487481727773,0.1103627738499392,success,
13,feature,0.05,Huber,1.0545424809144441,0.7957100659192154,0.8071254439961325,0.10019602420021523,success,13.0
13,feature,0.1,OLS,0.9562866840060269,0.7702958194673913,0.8413927638558337,-0.0036165113409598604,success,
13,feature,0.1,Ridge,0.9539098124732163,0.7679785691534846,0.8421802275391426,0.025771585800221875,success,
13,feature,0.1,Huber,0.9545182779766305,0.7664062169311886,0.8419788279677194,0.00017182126240156137,success,10.0
13,feature,0.2,OLS,0.9383223364724328,0.7461307523986788,0.8472958324445375,-0.021580858874553965,success,
13,feature,0.2,Ridge,0.9383223364724308,0.7461307523986781,0.8472958324445382,0.010184109799436403,success,
13,feature,0.2,Huber,0.9408692443152301,0.7487240329102658,0.8464657311918387,-0.013477212398998795,success,13.0
14,response,0.0,OLS,1.1758977662729324,0.9906181864501976,0.8730500463189258,0.0,success,
14,response,0.0,Ridge,1.148986908192048,0.9685962185082606,0.8787941514050649,0.0,success,
14,response,0.0,Huber,1.1769356158432756,0.9934719290960525,0.8728258548930237,0.0,success,11.0
14,response,0.05,OLS,1.2205225358516825,0.9913332643438842,0.8632318346026255,0.044624769578750056,success,
14,response,0.05,Ridge,1.1648034428147442,0.9367469776861149,0.8754342327894005,0.015816534622696166,success,
14,response,0.05,Huber,1.2035503516190662,1.011749342710389,0.8670090941491659,0.026614735775790654,success,12.0
14,response,0.1,OLS,1.130599499985044,0.9211137540036374,0.8826424609019772,-0.04529826628788847,success,
14,response,0.1,Ridge,1.1177959919724352,0.8963856318374791,0.8852854483429472,-0.031190916219612896,success,
14,response,0.1,Huber,1.1830750386458255,0.9698371177083412,0.871495599823984,0.006139422802549976,success,14.0
14,response,0.2,OLS,1.315041899160284,1.0899010939787879,0.8412284821686556,0.1391441328873515,success,
14,response,0.2,Ridge,1.1907650517040267,0.9991652978620592,0.869819607777412,0.041778143511978616,success,
14,response,0.2,Huber,1.2423988179778043,1.0259008243372925,0.8582851129271746,0.06546320213452872,success,12.0
14,feature,0.0,OLS,1.1758977662729324,0.9906181864501976,0.8730500463189258,0.0,success,
14,feature,0.0,Ridge,1.148986908192048,0.9685962185082606,0.8787941514050649,0.0,success,
14,feature,0.0,Huber,1.1769356158432756,0.9934719290960525,0.8728258548930237,0.0,success,11.0
14,feature,0.05,OLS,1.122516124632972,0.9161735460868069,0.8843145893707786,-0.0533816416399604,success,
14,feature,0.05,Ridge,1.1184014049784061,0.9139330912937472,0.8851611528731539,-0.03058550321364195,success,
14,feature,0.05,Huber,1.1328988913569442,0.9250969356601112,0.8821646164988729,-0.044036724486331336,success,13.0
14,feature,0.1,OLS,1.1438155912383305,0.9449284265847702,0.8798827335815624,-0.03208217503460187,success,
14,feature,0.1,Ridge,1.1403212166107246,0.9297770434875324,0.880615532790143,-0.008665691581323465,success,
14,feature,0.1,Huber,1.1452104484350607,0.9561631329551384,0.8795895943826579,-0.03172516740821485,success,14.0
14,feature,0.2,OLS,1.1545952295500896,0.9230238426838616,0.8776080276355078,-0.02130253672284277,success,
14,feature,0.2,Ridge,1.17152503222153,0.9291741329264299,0.8739924517898371,0.022538124029481965,success,
14,feature,0.2,Huber,1.1430672257923002,0.9321929043352841,0.8800398606667451,-0.033868390050975306,success,20.0
15,response,0.0,OLS,1.0310743300233012,0.8131375500811903,0.8312424994659365,0.0,success,
15,response,0.0,Ridge,1.014340044408243,0.8172250083685265,0.8366758986840106,0.0,success,
15,response,0.0,Huber,1.0429926777619356,0.8253241286826981,0.8273185629638731,0.0,success,12.0
15,response,0.05,OLS,1.1452192020495022,0.967230070302577,0.7918097543137792,0.11414487202620105,success,
15,response,0.05,Ridge,1.0708563647648826,0.8887727735000368,0.817968905770804,0.05651632035663945,success,
15,response,0.05,Huber,1.0672470225224018,0.8675985971367141,0.8191939165242189,0.024254344760466173,success,12.0
15,response,0.1,OLS,1.1652868632320053,0.9629503751689644,0.7844495985078845,0.13421253320870408,success,
15,response,0.1,Ridge,1.098885155067984,0.9124001030635194,0.8083151681887585,0.0845451106597408,success,
15,response,0.1,Huber,1.0617034389931055,0.870473751015003,0.8210673543595526,0.01871076123116988,success,10.0
15,response,0.2,OLS,1.3131564514835572,1.0685679499805498,0.7262739826963409,0.282082121460256,success,
15,response,0.2,Ridge,1.2258475272479397,0.9966535096181491,0.761462839157615,0.21150748283969656,success,
15,response,0.2,Huber,1.1076176402815658,0.9073837064928695,0.8052565485265841,0.06462496251963024,success,12.0
15,feature,0.0,OLS,1.0310743300233012,0.8131375500811903,0.8312424994659365,0.0,success,
15,feature,0.0,Ridge,1.014340044408243,0.8172250083685265,0.8366758986840106,0.0,success,
15,feature,0.0,Huber,1.0429926777619356,0.8253241286826981,0.8273185629638731,0.0,success,12.0
15,feature,0.05,OLS,1.0628597362723349,0.8358831204216473,0.8206773923600641,0.0317854062490337,success,
15,feature,0.05,Ridge,1.0439335033742694,0.8304396556163249,0.8270068898396609,0.029593458966026276,success,
15,feature,0.05,Huber,1.073167158444825,0.848149920107241,0.8171824508174346,0.030174480682889415,success,11.0
15,feature,0.1,OLS,1.027300896724427,0.8151942304453081,0.8324754463263733,-0.0037734332988741404,success,
15,feature,0.1,Ridge,1.0241800226166478,0.8134072052724205,0.8334917578904726,0.009839978208404654,success,
15,feature,0.1,Huber,1.0381197595645173,0.8204857066289225,0.8289283476835467,-0.004872918197418308,success,12.0
15,feature,0.2,OLS,0.9839215072052682,0.7894483740845603,0.8463247095335233,-0.04715282281803301,success,
15,feature,0.2,Ridge,0.9839215072052675,0.7894483740845599,0.8463247095335236,-0.030418537202975604,success,
15,feature,0.2,Huber,1.00175687410601,0.7928246333594945,0.8407029263698962,-0.041235803655925496,success,12.0
16,response,0.0,OLS,1.2903018884730861,1.012682310033328,0.8246399543587127,0.0,success,
16,response,0.0,Ridge,1.2881691354047538,1.0112653812669785,0.8252191840487811,0.0,success,
16,response,0.0,Huber,1.2902261854594481,1.0109955695829353,0.8246605307751463,0.0,success,11.0
16,response,0.05,OLS,1.254226805265677,0.9327067323049487,0.8343085339823129,-0.03607508320740904,success,
16,response,0.05,Ridge,1.2456626645586935,0.9425358708852585,0.836563565339285,-0.042506470846060296,success,
16,response,0.05,Huber,1.2682268533608225,0.9908367147315632,0.8305888957069147,-0.02199933209862559,success,11.0
16,response,0.1,OLS,1.2723959143282868,0.9736932711880725,0.8294732496985712,-0.01790597414479933,success,
16,response,0.1,Ridge,1.2553143848808093,0.9669632549788263,0.8340210568054732,-0.03285475052394449,success,
16,response,0.1,Huber,1.259802579335839,0.9809245058833067,0.832832067809171,-0.03042360612360917,success,12.0
16,response,0.2,OLS,1.3696723281562628,1.107615955451439,0.8024025446777828,0.0793704396831767,success,
16,response,0.2,Ridge,1.3028485432500287,1.0483196121343819,0.8212130369009424,0.014679407845274994,success,
16,response,0.2,Huber,1.2503666405829073,0.972031683262938,0.8353268698877108,-0.039859544876540864,success,11.0
16,feature,0.0,OLS,1.2903018884730861,1.012682310033328,0.8246399543587127,0.0,success,
16,feature,0.0,Ridge,1.2881691354047538,1.0112653812669785,0.8252191840487811,0.0,success,
16,feature,0.0,Huber,1.2902261854594481,1.0109955695829353,0.8246605307751463,0.0,success,11.0
16,feature,0.05,OLS,1.2907461278384351,1.027244331630665,0.8245191837909397,0.0004442393653489862,success,
16,feature,0.05,Ridge,1.2907461278384345,1.0272443316306654,0.8245191837909398,0.0025769924336807026,success,
16,feature,0.05,Huber,1.3022730253237291,1.0470415076673538,0.821370956064207,0.012046839864281012,success,10.0
16,feature,0.1,OLS,1.343637784774945,1.1132139466710507,0.8098429634968907,0.053335896301858865,success,
16,feature,0.1,Ridge,1.343637784774944,1.1132139466710502,0.8098429634968909,0.05546864937019036,success,
16,feature,0.1,Huber,1.3544669553850333,1.1235417701941228,0.8067654356954691,0.06424076992558514,success,12.0
16,feature,0.2,OLS,1.39999595076725,1.13593366089476,0.7935563432477556,0.10969406229416379,success,
16,feature,0.2,Ridge,1.3999959507672481,1.1359336608947597,0.793556343247756,0.11182681536249439,success,
16,feature,0.2,Huber,1.4100148518103475,1.1412414196444012,0.7905909925640525,0.11978866635089935,success,13.0
17,response,0.0,OLS,0.9691341699033895,0.7725537053969531,0.8991810350747342,0.0,success,
17,response,0.0,Ridge,0.9538270170827813,0.751725208464507,0.9023406878443907,0.0,success,
17,response,0.0,Huber,0.974059351923943,0.7740914952627435,0.8981536984733662,0.0,success,13.0
17,response,0.05,OLS,0.9830158728573785,0.7641391191681515,0.8962721245472162,0.01388170295398894,success,
17,response,0.05,Ridge,0.9923894421067321,0.7828875408324342,0.8942844941405363,0.0385624250239508,success,
17,response,0.05,Huber,0.9411736936668268,0.7572972875969274,0.9049145685105174,-0.0328856582571162,success,14.0
17,response,0.1,OLS,1.134680138932419,0.8439428261520715,0.8617957723712618,0.16554596902902952,success,
17,response,0.1,Ridge,1.0651753054672788,0.8142558294382138,0.8782086062023581,0.1113482883844975,success,
17,response,0.1,Huber,1.0111033091280546,0.7927864763037862,0.8902598662140574,0.03704395720411158,success,13.0
17,response,0.2,OLS,1.3437065514704116,1.0770090586057763,0.8061868272309918,0.3745723815670221,success,
17,response,0.2,Ridge,1.186294149680057,0.9364807180034648,0.8489366195036343,0.2324671325972757,success,
17,response,0.2,Huber,1.0675522933407111,0.8305113877405205,0.8776644334690133,0.09349294141676812,success,10.0
17,feature,0.0,OLS,0.9691341699033895,0.7725537053969531,0.8991810350747342,0.0,success,
17,feature,0.0,Ridge,0.9538270170827813,0.751725208464507,0.9023406878443907,0.0,success,
17,feature,0.0,Huber,0.974059351923943,0.7740914952627435,0.8981536984733662,0.0,success,13.0
17,feature,0.05,OLS,0.9616392056345091,0.790703826536547,0.9007344064217973,-0.007494964268880411,success,
17,feature,0.05,Ridge,0.9510656872970951,0.7774403217992912,0.9029053168932696,-0.0027613297856862173,success,
17,feature,0.05,Huber,0.9669606391768711,0.7928100404282362,0.8996327524816843,-0.007098712747071856,success,11.0
17,feature,0.1,OLS,1.0153353374681273,0.8208499196767874,0.8893392969967774,0.0462011675647378,success,
17,feature,0.1,Ridge,1.0138099662359619,0.8092389312026551,0.8896715455669206,0.05998294915318059,success,
17,feature,0.1,Huber,1.005074563424219,0.8177110648620101,0.891564625004112,0.031015211500276085,success,16.0
17,feature,0.2,OLS,1.0049695365077238,0.809340848506277,0.8915872860850951,0.035835366604334284,success,
17,feature,0.2,Ridge,1.003036152360564,0.8000891268454744,0.8920040187218917,0.0492091352777827,success,
17,feature,0.2,Huber,0.997599094437268,0.8089277267794118,0.8931716515519048,0.023539742513325024,success,17.0
18,response,0.0,OLS,1.2563427379339918,1.0542093310070044,0.8561475816110605,0.0,success,
18,response,0.0,Ridge,1.2539217093239257,1.0482994802076135,0.8567014674947807,0.0,success,
18,response,0.0,Huber,1.2528795956286287,1.0517649730927046,0.8569395546223573,0.0,success,9.0
18,response,0.05,OLS,1.2611100706675258,1.004517891140645,0.8550537821564542,0.004767332733534024,success,
18,response,0.05,Ridge,1.2338377694579639,1.0086238148911644,0.8612551023431023,-0.020083939865961797,success,
18,response,0.05,Huber,1.2599198146595953,1.0474483805606463,0.8553272581924987,0.007040219030966632,success,13.0
18,response,0.1,OLS,1.2574472060600546,1.0388341551798674,0.8558945451694239,0.0011044681260627964,success,
18,response,0.1,Ridge,1.2194936845739404,1.0045647097883386,0.8644623313677529,-0.0344280247499853,success,
18,response,0.1,Huber,1.2451773702050042,1.0397789299191416,0.8586931099087183,-0.007702225423624531,success,11.0
18,response,0.2,OLS,1.3353304104192276,1.0776032352695462,0.8374906402788829,0.07898767248523586,success,
18,response,0.2,Ridge,1.220671735417803,0.9940778204023673,0.8642003416765035,-0.03324997390612272,success,
18,response,0.2,Huber,1.2180085861112784,0.9869554477138939,0.8647922456960005,-0.03487100951735034,success,11.0
18,feature,0.0,OLS,1.2563427379339918,1.0542093310070044,0.8561475816110605,0.0,success,
18,feature,0.0,Ridge,1.2539217093239257,1.0482994802076135,0.8567014674947807,0.0,success,
18,feature,0.0,Huber,1.2528795956286287,1.0517649730927046,0.8569395546223573,0.0,success,9.0
18,feature,0.05,OLS,1.3584341906735855,1.1112748885336423,0.8318185440947337,0.10209145273959375,success,
18,feature,0.05,Ridge,1.358145579315436,1.1092430691335322,0.8318899997787254,0.10422386999151034,success,
18,feature,0.05,Huber,1.3496816060295291,1.1073939982257863,0.833978796263797,0.09680201040090042,success,11.0
18,feature,0.1,OLS,1.399292434743732,1.178194413154762,0.8215494576304996,0.14294969680974035,success,
18,feature,0.1,Ridge,1.3982019853984244,1.1765292829332434,0.8218274773654944,0.14428027607449878,success,
18,feature,0.1,Huber,1.398695676126192,1.1780557964412863,0.8217016333850877,0.14581608049756323,success,11.0
18,feature,0.2,OLS,1.4471720924216132,1.1787623489412788,0.8091284247147199,0.1908293544876214,success,
18,feature,0.2,Ridge,1.4471720924216116,1.1787623489412777,0.8091284247147204,0.19325038309768594,success,
18,feature,0.2,Huber,1.4338253038720405,1.1832989015922093,0.8126328801843267,0.18094570824341183,success,12.0
19,response,0.0,OLS,1.0185850649436359,0.8073206194671266,0.9072283176419539,0.0,success,
19,response,0.0,Ridge,0.9806454527336379,0.7875704103389439,0.914010611215117,0.0,success,
19,response,0.0,Huber,1.0033685979866755,0.7932488490621351,0.9099794143055718,0.0,success,15.0
19,response,0.05,OLS,1.1829351584654093,0.9616823166332865,0.874875399483353,0.16435009352177343,success,
19,response,0.05,Ridge,1.0622907484462152,0.8584540870317884,0.8990961765866549,0.08164529571257728,success,
19,response,0.05,Huber,1.0629826600082521,0.8569471433257719,0.8989646885561078,0.0596140620215766,success,14.0
19,response,0.1,OLS,1.256433892722455,0.9511418018501642,0.858843750553788,0.2378488277788191,success,
19,response,0.1,Ridge,1.1055092900576535,0.8517166678279731,0.8907187592398332,0.12486383732401563,success,
19,response,0.1,Huber,1.0992086976074635,0.8850888857814505,0.8919608555114036,0.09584009962078799,success,9.0
19,response,0.2,OLS,1.3824413083136957,1.0001353737228402,0.8291109525480329,0.36385624337005984,success,
19,response,0.2,Ridge,1.1779869491620487,0.8754303903124679,0.8759200007417847,0.1973414964284108,success,
19,response,0.2,Huber,1.115302668695215,0.8718445647893409,0.8887740030722784,0.11193407070853945,success,10.0
19,feature,0.0,OLS,1.0185850649436359,0.8073206194671266,0.9072283176419539,0.0,success,
19,feature,0.0,Ridge,0.9806454527336379,0.7875704103389439,0.914010611215117,0.0,success,
19,feature,0.0,Huber,1.0033685979866755,0.7932488490621351,0.9099794143055718,0.0,success,15.0
19,feature,0.05,OLS,1.0011513962923881,0.8010583975284383,0.9103768221346367,-0.017433668651247736,success,
19,feature,0.05,Ridge,0.988659782154247,0.8025344693794138,0.9125993706568832,0.00801432942060909,success,
19,feature,0.05,Huber,0.9968171061942389,0.8005532239111713,0.9111511545449306,-0.006551491792436637,success,13.0
19,feature,0.1,OLS,1.0215697471998055,0.8223264133145557,0.9066838374911124,0.0029846822561696573,success,
19,feature,0.1,Ridge,1.0011341345395592,0.8060122753833684,0.910379912655836,0.020488681805921338,success,
19,feature,0.1,Huber,1.0218503545295614,0.8238450854421137,0.9066325658171726,0.018481756542885863,success,10.0
19,feature,0.2,OLS,1.0271318341136066,0.8303210111036909,0.9056649240346606,0.00854676916997077,success,
19,feature,0.2,Ridge,1.028695742805456,0.8275621985303067,0.9053774365751674,0.04805029007181805,success,
19,feature,0.2,Huber,1.023223708082046,0.8228649547605045,0.9063814279392575,0.019855110095370554,success,13.0
