mode,conditioning_parameter,singular_value_index,singular_value
exact,1.0,1,16.58468483576792
exact,1.0,2,9.989440204530235
exact,1.0,3,8.532759426679792
exact,1.0,4,4.743203702858808
exact,0.1,1,13.849572917392164
exact,0.1,2,9.968624153502375
exact,0.1,3,8.531274591398459
exact,0.1,4,0.5692776429878692
exact,0.01,1,13.706671758887884
exact,0.01,2,9.966816850610783
exact,0.01,3,8.531607193207002
exact,0.01,4,0.057529461653076715
exact,0.001,1,13.693538972222669
exact,0.001,2,9.966641965301417
exact,0.001,3,8.53164680810968
exact,0.001,4,0.0057585378329859885
exact,0.0001,1,13.692237141336378
exact,0.0001,2,9.96662453940635
exact,0.0001,3,8.53165083582322
exact,0.0001,4,0.0005759092693910251
exact,1e-05,1,13.692107072609447
exact,1e-05,2,9.96662279744752
exact,1e-05,3,8.531651239259656
exact,1e-05,4,5.759148136908934e-05
exact,1e-06,1,13.692094066880257
exact,1e-06,2,9.966622623257951
exact,1e-06,3,8.531651279609955
exact,1e-06,4,5.75915368093425e-06
exact,1e-07,1,13.69209276631877
exact,1e-07,2,9.966622605839056
exact,1e-07,3,8.531651283645047
exact,1e-07,4,5.759154236961677e-07
exact,1e-08,1,13.692092636262736
exact,1e-08,2,9.96662260409716
exact,1e-08,3,8.531651284048557
exact,1e-08,4,5.75915429053209e-08
modest_noise,1.0,1,16.58468483576792
modest_noise,1.0,2,9.989440204530235
modest_noise,1.0,3,8.532759426679792
modest_noise,1.0,4,4.743203702858808
modest_noise,0.1,1,13.849572917392164
modest_noise,0.1,2,9.968624153502375
modest_noise,0.1,3,8.531274591398459
modest_noise,0.1,4,0.5692776429878692
modest_noise,0.01,1,13.706671758887884
modest_noise,0.01,2,9.966816850610783
modest_noise,0.01,3,8.531607193207002
modest_noise,0.01,4,0.057529461653076715
modest_noise,0.001,1,13.693538972222669
modest_noise,0.001,2,9.966641965301417
modest_noise,0.001,3,8.53164680810968
modest_noise,0.001,4,0.0057585378329859885
modest_noise,0.0001,1,13.692237141336378
modest_noise,0.0001,2,9.96662453940635
modest_noise,0.0001,3,8.53165083582322
modest_noise,0.0001,4,0.0005759092693910251
modest_noise,1e-05,1,13.692107072609447
modest_noise,1e-05,2,9.96662279744752
modest_noise,1e-05,3,8.531651239259656
modest_noise,1e-05,4,5.759148136908934e-05
modest_noise,1e-06,1,13.692094066880257
modest_noise,1e-06,2,9.966622623257951
modest_noise,1e-06,3,8.531651279609955
modest_noise,1e-06,4,5.75915368093425e-06
modest_noise,1e-07,1,13.69209276631877
modest_noise,1e-07,2,9.966622605839056
modest_noise,1e-07,3,8.531651283645047
modest_noise,1e-07,4,5.759154236961677e-07
modest_noise,1e-08,1,13.692092636262736
modest_noise,1e-08,2,9.96662260409716
modest_noise,1e-08,3,8.531651284048557
modest_noise,1e-08,4,5.75915429053209e-08
