case,solver,n_samples,n_parameters,condition_number,rank,residual_norm,coefficient_relative_error,mae,rmse,status
well_conditioned,normal_equations,50,4,1.4243840023400247,4,0.15569945144952882,0.0011030081057103213,0.01783745043569802,0.02201922758939749,success
well_conditioned,qr,50,4,1.4243840023400247,4,0.15569945144952904,0.0011030081057106344,0.017837450435698076,0.022019227589397523,success
well_conditioned,svd,50,4,1.4243840023400247,4,0.15569945144952912,0.0011030081057107823,0.017837450435698194,0.022019227589397533,success
well_conditioned,lstsq,50,4,1.4243840023400247,4,0.1556994514495288,0.001103008105711148,0.01783745043569818,0.022019227589397485,success
phase1_raw,normal_equations,120,6,345.98650053750794,6,6.444868951239438,0.16859952512104728,0.4847027212047386,0.5883333507930837,success
phase1_raw,qr,120,6,345.98650053750794,6,6.444868951239436,0.16859952512102827,0.4847027212047413,0.5883333507930836,success
phase1_raw,svd,120,6,345.98650053750794,6,6.444868951239439,0.16859952512103082,0.4847027212047417,0.5883333507930838,success
phase1_raw,lstsq,120,6,345.98650053750794,6,6.444868951239437,0.16859952512103163,0.4847027212047416,0.5883333507930838,success
near_rank_deficient,normal_equations,60,4,2399622.842243448,4,1.935788830905851e-08,0.0015449808819065548,1.9980223082508946e-09,2.499092634624229e-09,success
near_rank_deficient,qr,60,4,2399622.842243448,4,4.8291511169765815e-15,7.264861768943441e-11,4.736951571734001e-16,6.234407284123082e-16,success
near_rank_deficient,svd,60,4,2399622.842243448,4,1.2874518815619598e-14,6.957431385298707e-11,1.2508512744110098e-15,1.662093232110958e-15,success
near_rank_deficient,lstsq,60,4,2399622.842243448,4,3.240425118109331e-14,4.22263806163503e-11,3.3584246494910985e-15,4.183370839023213e-15,success
rank_deficient,normal_equations,45,4,inf,3,,,,,failure: normal equations require full column rank; detected rank 3
rank_deficient,qr,45,4,inf,3,,,,,failure: unpivoted QR requires full column rank; detected rank 3
rank_deficient,svd,45,4,inf,3,7.848303119360919e-15,0.48507125007266577,7.956598343146956e-16,1.1699559521943108e-15,success
rank_deficient,lstsq,45,4,inf,3,4.508722185830055e-15,0.48507125007266577,5.193376592968788e-16,6.721206199451629e-16,success
